item_id,order_id,product_id,quantity,unit_price,discount_percent
I000001,O00001,P0152,-4,8323.92,26.38
I000002,O00001,P0028,8,2766.25,26.32
I000003,O00001,P0083,6,6596.11,38.04
I000004,O00002,P0188,4,8035.42,11.32
I000005,O00002,P0146,1,5516.85,24.09
I000006,O00002,P0034,2,1862.31,38.6
I000007,O00003,P0023,7,2920.87,30.1
I000008,O00003,P0006,3,4959.37,17.29
I000009,O00003,P0054,5,6074.78,14.36
I000010,O00003,P0042,2,5175.27,19.58
I000011,O00004,P0122,7,4283.11,14.73
I000012,O00004,P0069,3,4317.57,1.62
I000013,O00004,P0145,6,6796.76,25.9
I000014,O00004,P0154,3,5320.06,25.89
I000015,O00005,P0075,8,9081.36,19.1
I000016,O00006,P0033,5,5278.61,11.82
I000017,O00006,P0176,1,9181.29,20.54
I000018,O00007,P0106,10,3619.03,23.42
I000019,O00007,P0025,-4,1877.57,7.29
I000020,O00007,P0119,7,4220.89,28.18
I000021,O00007,P0170,6,4604.48,26.81
I000022,O00008,P0088,3,9823.64,10.37
I000023,O00008,P0048,2,277.36,15.8
I000024,O00008,P0055,1,4823.49,27.67
I000025,O00009,P0078,7,967.59,5.4
I000026,O00009,P0159,4,257.26,38.82
I000027,O00009,P0158,1,6521.37,25.99
I000028,O00009,P0093,7,8596.07,21.54
I000029,O00010,P0078,8,4276.6,4.66
I000030,O00011,P0190,8,4767.74,34.39
I000031,O00011,P0180,10,3018.83,33.18
I000032,O00012,P0014,7,8501.3,29.48
I000033,O00012,P0086,10,9990.36,1.48
I000034,O00012,P0003,7,5951.29,24.46
I000035,O00012,P0027,8,700.98,0.76
I000036,O00013,P0142,7,1257.71,24.91
I000037,O00013,P0017,6,4418.68,6.45
I000038,O00013,P0069,4,4437.3,20.31
I000039,O00014,P0155,8,3004.6,28.46
I000040,O00014,P0184,7,6763.76,29.38
I000041,O00014,P0169,8,8460.86,24.87
I000042,O00015,P0177,8,2074.89,24.23
I000043,O00015,P0192,2,9436.24,19.75
I000044,O00015,P0023,4,565.79,0.73
I000045,O00016,P0092,3,8955.13,1.28
I000046,O00016,P0174,2,1228.3,9.07
I000047,O00016,P0041,9,2652.44,13.61
I000048,O00017,P0197,9,1596.67,27.61
I000049,O00017,P0012,9,1131.01,2.02
I000050,O00017,P0198,8,9630.21,30.23
I000051,O00018,P0157,10,9479.1,32.94
I000052,O00019,P0130,2,1268.79,8.22
I000053,O00020,P0041,8,5034.07,34.82
I000054,O00020,P0187,3,3412.61,5.51
I000055,O00020,P0075,4,4215.92,30.76
I000056,O00021,P0122,5,943.82,14.9
I000057,O00021,P0088,7,6683.45,6.06
I000058,O00022,P0059,7,9523.22,20.65
I000059,O00022,P0036,6,4481.53,30.81
I000060,O00022,P0110,9,939.3,12.59
I000061,O00022,P0106,3,3993.34,1.48
I000062,O00023,P0148,9,4251.12,35.43
I000063,O00023,P0015,9,7243.36,12.55
I000064,O00024,P0003,10,7032.92,17.85
I000065,O00024,P0072,4,6281.16,24.73
I000066,O00024,P0136,8,8887.98,31.26
I000067,O00025,P0199,1,3960.94,28.76
I000068,O00025,P0051,3,5453.82,8.55
I000069,O00025,P0078,9,5261.23,30.28
I000070,O00025,P0022,-5,5965.79,9.65
I000071,O00026,P0186,2,8431.68,10.39
I000072,O00026,P0109,9,572.56,26.04
I000073,O00026,P0130,2,5767.11,0.21
I000074,O00027,P0061,10,9381.64,26.62
I000075,O00027,P0191,10,3062.1,26.68
I000076,O00027,P0149,10,7172.07,20.79
I000077,O00028,P0027,9,8246.14,14.45
I000078,O00028,P0084,2,4314.35,16.48
I000079,O00029,P0016,7,4814.91,17.85
I000080,O00030,P0174,10,7810.36,34.88
I000081,O00030,P0135,10,4291.88,17.6
I000082,O00030,P0104,8,4227.53,6.51
I000083,O00031,P0125,8,7074.79,34.53
I000084,O00031,P0183,2,4608.78,1.3
I000085,O00032,P0144,2,4145.34,4.83
I000086,O00032,P0095,10,5275.5,4.71
I000087,O00033,P0096,-2,1507.18,23.58
I000088,O00033,P0078,1,3121.12,11.34
I000089,O00033,P0076,3,4939.06,4.89
I000090,O00034,P0018,8,5701.06,36.01
I000091,O00034,P0012,7,7228.33,24.23
I000092,O00034,P0107,3,4663.27,18.0
I000093,O00035,P0039,10,4155.32,9.31
I000094,O00035,P0187,7,553.62,26.82
I000095,O00035,P0084,8,6494.57,34.64
I000096,O00035,P0023,1,7981.97,28.3
I000097,O00036,P0165,9,9556.17,21.67
I000098,O00037,P0146,9,4810.77,35.87
I000099,O00038,P0169,9,287.84,31.47
I000100,O00039,P0181,8,5382.08,12.82
I000101,O00039,P0149,10,8633.55,0.93
I000102,O00040,P0047,6,1001.15,39.19
I000103,O00040,P0107,9,1525.94,10.22
I000104,O00040,P0007,2,9526.43,27.14
I000105,O00040,P0136,1,3320.38,1.09
I000106,O00041,P0077,7,1510.36,35.72
I000107,O00042,P0097,4,6010.35,9.46
I000108,O00042,P0031,9,3911.98,4.6
I000109,O00042,P0014,1,5575.9,2.62
I000110,O00043,P0105,4,284.37,22.16
I000111,O00044,P0064,9,1343.16,22.73
I000112,O00045,P0022,3,9854.56,31.28
I000113,O00045,P0163,9,9617.39,22.21
I000114,O00045,P0129,-4,9615.03,24.83
I000115,O00045,P0053,-4,2805.7,10.04
I000116,O00046,P0090,9,1698.02,21.36
I000117,O00046,P0162,2,4013.52,4.92
I000118,O00046,P0055,3,9988.33,35.13
I000119,O00046,P0150,4,9578.43,12.73
I000120,O00047,P0163,8,6656.54,12.87
I000121,O00047,P0067,4,6035.19,0.63
I000122,O00047,P0193,3,120.27,19.06
I000123,O00048,P0173,3,8963.15,28.13
I000124,O00049,P0138,9,8337.63,26.86
I000125,O00049,P0021,2,8146.53,33.1
I000126,O00049,P0167,6,8407.54,32.47
I000127,O00049,P0020,1,3767.76,7.72
I000128,O00050,P0057,1,6837.49,28.37
I000129,O00051,P0024,5,2289.36,39.2
I000130,O00051,P0158,6,4979.09,28.16
I000131,O00052,P0002,7,2845.74,20.01
I000132,O00052,P0051,3,6632.4,22.63
I000133,O00053,P0017,3,1361.57,37.34
I000134,O00053,P0151,4,7316.1,10.97
I000135,O00054,P0178,9,6838.74,35.32
I000136,O00055,P0110,1,3297.69,33.77
I000137,O00056,P0071,8,5220.84,1.74
I000138,O00056,P0032,4,9192.08,21.3
I000139,O00056,P0175,-2,3413.59,35.2
I000140,O00056,P0133,1,2333.72,27.58
I000141,O00057,P0064,4,3176.98,25.04
I000142,O00058,P0008,8,337.83,31.89
I000143,O00059,P0065,8,3473.94,2.18
I000144,O00059,P0064,6,2443.76,2.92
I000145,O00059,P0028,10,7664.58,25.01
I000146,O00060,P0022,1,3836.21,35.6
I000147,O00061,P0033,1,4474.99,12.06
I000148,O00062,P0017,9,8514.3,16.07
I000149,O00062,P0027,10,2407.81,23.98
I000150,O00062,P0174,-4,4695.67,17.12
I000151,O00062,P0015,10,3462.2,37.5
I000152,O00063,P0117,9,2005.57,4.11
I000153,O00064,P0152,4,1347.22,20.36
I000154,O00065,P0108,10,2507.21,31.88
I000155,O00065,P0124,1,5886.77,20.53
I000156,O00065,P0186,6,8863.7,31.02
I000157,O00066,P0121,10,3751.42,0.32
I000158,O00066,P0080,10,1531.54,9.5
I000159,O00067,P0109,6,2083.68,36.34
I000160,O00068,P0088,4,6978.34,39.28
I000161,O00069,P0149,10,3353.33,4.19
I000162,O00069,P0145,1,9207.54,25.55
I000163,O00069,P0086,4,2210.07,19.23
I000164,O00070,P0190,7,9899.79,14.51
I000165,O00070,P0097,2,5591.45,5.7
I000166,O00070,P0053,8,5898.3,30.62
I000167,O00071,P0008,4,1824.05,35.42
I000168,O00072,P0087,4,312.77,33.72
I000169,O00072,P0142,-2,3851.34,31.5
I000170,O00073,P0087,4,2477.48,32.38
I000171,O00074,P0135,7,747.24,5.78
I000172,O00074,P0160,3,1997.64,15.13
I000173,O00075,P0082,4,7654.52,23.49
I000174,O00075,P0154,9,1570.81,9.89
I000175,O00075,P0110,5,8529.88,38.74
I000176,O00076,P0054,10,5135.28,30.05
I000177,O00076,P0187,9,5237.03,7.16
I000178,O00076,P0021,6,4884.64,38.23
I000179,O00076,P0121,8,4069.37,36.85
I000180,O00077,P0054,4,4575.59,9.38
I000181,O00078,P0079,7,9361.44,14.96
I000182,O00078,P0109,9,7541.07,11.8
I000183,O00079,P0059,8,3430.1,18.05
I000184,O00079,P0150,7,8064.59,12.68
I000185,O00079,P0011,-4,2414.52,25.81
I000186,O00080,P0022,9,873.77,11.06
I000187,O00080,P0076,4,806.35,1.53
I000188,O00080,P0129,4,6783.56,10.0
I000189,O00081,P0049,3,7548.6,29.59
I000190,O00081,P0181,-3,2890.27,13.87
I000191,O00081,P0155,7,8236.43,30.31
I000192,O00082,P0121,9,9519.74,34.62
I000193,O00083,P0059,4,5206.67,31.44
I000194,O00083,P0186,8,4667.87,31.68
I000195,O00084,P0049,7,4554.72,22.34
I000196,O00084,P0110,6,8750.13,12.22
I000197,O00084,P0198,1,6622.6,14.19
I000198,O00085,P0108,7,6936.13,11.99
I000199,O00085,P0109,-1,9229.23,6.15
I000200,O00086,P0146,10,3969.77,15.25
I000201,O00086,P0162,7,3925.7,18.99
I000202,O00086,P0155,6,4570.2,35.79
I000203,O00087,P0044,2,1858.6,33.06
I000204,O00088,P0007,7,2407.09,26.38
I000205,O00088,P0048,2,3749.66,0.44
I000206,O00088,P0051,6,4167.53,6.28
I000207,O00088,P0018,2,4242.29,29.73
I000208,O00089,P0053,8,5793.4,12.41
I000209,O00089,P0034,4,6879.88,11.02
I000210,O00089,P0080,1,4512.74,32.98
I000211,O00089,P0111,10,5305.98,36.41
I000212,O00090,P0118,2,8821.84,18.25
I000213,O00090,P0119,5,8251.95,33.99
I000214,O00090,P0148,7,9009.65,29.33
I000215,O00090,P0011,8,6624.89,27.94
I000216,O00091,P0101,1,8718.34,10.95
I000217,O00092,P0171,4,4171.65,30.47
I000218,O00092,P0018,2,857.68,4.21
I000219,O00092,P0179,6,1731.91,8.29
I000220,O00093,P0119,1,6975.41,29.99
I000221,O00094,P0088,7,2581.0,28.36
I000222,O00094,P0191,3,7511.89,19.39
I000223,O00094,P0103,2,6604.52,28.54
I000224,O00094,P0050,8,8222.22,33.66
I000225,O00095,P0005,2,1329.1,29.66
I000226,O00095,P0156,3,7659.53,27.1
I000227,O00096,P0113,3,441.0,27.0
I000228,O00096,P0092,4,572.78,25.39
I000229,O00097,P0100,5,6022.23,1.95
I000230,O00098,P0197,4,258.78,1.12
I000231,O00098,P0052,1,2002.3,26.76
I000232,O00098,P0064,4,1056.37,33.42
I000233,O00098,P0096,3,535.72,20.5
I000234,O00099,P0083,4,9349.84,15.8
I000235,O00099,P0144,7,2216.42,14.26
I000236,O00099,P0161,-3,218.62,8.51
I000237,O00100,P0017,5,3752.9,2.69
I000238,O00100,P0169,4,7698.7,19.98
I000239,O00101,P0183,9,9230.02,22.77
I000240,O00102,P0025,7,9726.43,27.75
I000241,O00102,P0154,6,7640.99,27.51
I000242,O00102,P0084,8,274.72,36.48
I000243,O00103,P0098,4,7075.83,0.53
I000244,O00103,P0131,1,8978.12,12.35
I000245,O00103,P0164,7,6235.69,2.4
I000246,O00103,P0190,6,2099.92,15.03
I000247,O00104,P0061,10,4492.89,35.09
I000248,O00105,P0072,1,9777.92,25.92
I000249,O00105,P0082,5,2367.2,29.31
I000250,O00106,P0063,1,6683.56,9.93
I000251,O00106,P0053,4,3876.71,12.87
I000252,O00106,P0139,8,739.71,19.67
I000253,O00107,P0014,3,1343.05,6.95
I000254,O00107,P0163,9,9324.95,9.45
I000255,O00108,P0110,8,7244.57,9.8
I000256,O00109,P0156,5,4537.88,25.42
I000257,O00109,P0064,5,4863.59,38.04
I000258,O00110,P0102,8,5102.4,29.4
I000259,O00110,P0097,3,7956.23,0.79
I000260,O00110,P0043,7,924.01,36.26
I000261,O00111,P0153,9,2647.19,18.55
I000262,O00111,P0138,8,5665.21,19.23
I000263,O00111,P0040,6,4745.66,6.19
I000264,O00112,P0002,9,3805.15,16.18
I000265,O00112,P0004,7,9707.88,14.93
I000266,O00113,P0079,7,9925.48,4.98
I000267,O00113,P0165,10,7653.21,38.28
I000268,O00113,P0151,6,4937.36,27.54
I000269,O00113,P0019,1,9272.54,29.43
I000270,O00114,P0123,6,6796.61,27.9
I000271,O00114,P0009,3,4609.16,27.24
I000272,O00115,P0064,-1,6479.53,36.68
I000273,O00115,P0155,7,9744.04,3.21
I000274,O00115,P0149,4,1741.65,17.07
I000275,O00116,P0129,7,7365.94,30.1
I000276,O00116,P0137,2,5768.86,31.9
I000277,O00116,P0169,3,2174.3,29.93
I000278,O00117,P0002,1,7760.06,16.71
I000279,O00117,P0044,7,7357.12,6.83
I000280,O00117,P0126,6,1429.89,19.46
I000281,O00118,P0116,10,1937.82,2.36
I000282,O00119,P0195,5,8728.99,17.63
I000283,O00119,P0050,10,6400.69,3.19
I000284,O00120,P0097,2,3487.3,23.43
I000285,O00121,P0125,1,7542.81,0.29
I000286,O00121,P0173,10,514.41,8.44
I000287,O00121,P0195,1,5248.73,38.48
I000288,O00121,P0026,5,4784.99,13.48
I000289,O00122,P0087,6,9415.81,26.6
I000290,O00122,P0095,7,9755.52,34.92
I000291,O00122,P0175,-4,7279.68,35.52
I000292,O00122,P0088,-1,8703.15,11.18
I000293,O00123,P0095,10,8711.55,20.6
I000294,O00123,P0116,-3,264.64,14.41
I000295,O00124,P0189,6,2412.23,19.38
I000296,O00125,P0090,7,9420.63,19.04
I000297,O00126,P0188,7,2031.26,5.73
I000298,O00127,P0033,8,3083.35,26.92
I000299,O00128,P0044,9,2195.24,30.13
I000300,O00128,P0115,2,9934.28,1.17
I000301,O00128,P0030,6,7686.46,8.82
I000302,O00128,P0124,5,9519.89,26.82
I000303,O00129,P0137,8,6948.67,34.88
I000304,O00129,P0163,10,6046.73,25.76
I000305,O00130,P0184,7,7872.31,38.65
I000306,O00130,P0191,7,2313.15,4.63
I000307,O00130,P0189,2,3468.35,23.69
I000308,O00130,P0186,4,1249.45,14.71
I000309,O00131,P0098,1,5941.59,7.59
I000310,O00131,P0148,7,3264.47,14.6
I000311,O00131,P0189,3,6056.01,8.89
I000312,O00132,P0003,3,3038.55,8.76
I000313,O00132,P0138,8,2905.59,29.88
I000314,O00132,P0118,1,3158.03,39.61
I000315,O00132,P0081,2,8491.93,22.96
I000316,O00133,P0127,7,8121.08,6.11
I000317,O00133,P0075,4,9350.89,9.0
I000318,O00134,P0199,3,7301.22,11.96
I000319,O00135,P0006,7,6811.2,39.61
I000320,O00135,P0141,7,5325.66,11.32
I000321,O00136,P0180,7,3301.84,31.65
I000322,O00136,P0141,1,7124.92,18.3
I000323,O00137,P0148,8,2981.71,5.79
I000324,O00137,P0036,4,2036.99,26.05
I000325,O00138,P0186,3,9828.74,27.18
I000326,O00138,P0148,3,1050.87,38.97
I000327,O00138,P0027,3,1261.73,20.62
I000328,O00139,P0152,7,1276.15,15.87
I000329,O00139,P0112,5,9550.1,26.11
I000330,O00139,P0039,7,9912.52,26.83
I000331,O00140,P0200,8,6538.08,11.01
I000332,O00141,P0095,2,6449.95,36.34
I000333,O00141,P0003,-5,9874.76,19.18
I000334,O00141,P0031,2,1892.86,19.37
I000335,O00141,P0030,7,1339.84,13.01
I000336,O00142,P0104,1,8192.88,31.34
I000337,O00142,P0180,9,5237.12,23.39
I000338,O00143,P0193,4,8986.26,7.23
I000339,O00144,P0002,8,1318.15,5.15
I000340,O00144,P0143,4,969.43,10.27
I000341,O00145,P0022,2,3699.24,21.78
I000342,O00146,P0169,1,5242.49,31.31
I000343,O00146,P0001,9,5813.01,27.8
I000344,O00146,P0064,9,9968.29,24.25
I000345,O00146,P0077,9,1080.19,32.79
I000346,O00147,P0010,3,8343.02,38.3
I000347,O00147,P0049,10,5958.65,11.1
I000348,O00148,P0020,7,1716.86,18.24
I000349,O00148,P0141,5,9407.97,5.73
I000350,O00148,P0066,4,7353.48,39.81
I000351,O00148,P0067,4,5680.06,25.91
I000352,O00149,P0108,6,4392.91,1.04
I000353,O00149,P0040,10,2774.24,21.26
I000354,O00150,P0017,6,7802.9,5.85
I000355,O00150,P0085,4,1069.67,39.18
I000356,O00150,P0164,4,1139.53,37.03
I000357,O00150,P0023,3,8767.57,23.55
I000358,O00151,P0025,10,5560.27,24.3
I000359,O00151,P0136,1,9470.45,15.58
I000360,O00151,P0090,6,6810.34,31.55
I000361,O00151,P0180,9,8511.34,19.07
I000362,O00152,P0067,9,6609.87,5.71
I000363,O00152,P0003,10,623.36,29.02
I000364,O00153,P0182,10,4632.09,17.56
I000365,O00153,P0200,6,5072.07,11.03
I000366,O00153,P0064,7,7212.82,36.95
I000367,O00154,P0079,2,4124.5,12.51
I000368,O00154,P0163,2,859.26,9.6
I000369,O00155,P0043,10,7459.75,22.17
I000370,O00156,P0003,3,5198.61,39.92
I000371,O00156,P0109,9,4114.17,24.65
I000372,O00156,P0174,1,7055.66,29.99
I000373,O00156,P0131,4,6645.62,36.82
I000374,O00157,P0156,8,6777.77,35.28
I000375,O00158,P0045,6,5185.48,38.1
I000376,O00158,P0020,7,1787.79,38.79
I000377,O00159,P0174,2,4882.93,10.59
I000378,O00159,P0064,1,5731.54,8.7
I000379,O00159,P0139,5,9595.44,20.62
I000380,O00160,P0119,10,669.22,0.24
I000381,O00161,P0085,1,7252.09,16.08
I000382,O00161,P0077,1,4971.26,3.39
I000383,O00161,P0091,9,4166.12,36.52
I000384,O00161,P0028,1,6600.67,9.04
I000385,O00162,P0096,3,2767.87,39.57
I000386,O00162,P0077,8,3602.0,17.36
I000387,O00162,P0094,6,7121.27,4.43
I000388,O00162,P0110,5,4006.01,29.76
I000389,O00163,P0042,4,9601.02,39.32
I000390,O00164,P0108,8,8018.22,28.57
I000391,O00165,P0193,7,9243.26,33.72
I000392,O00165,P0196,7,9581.02,31.71
I000393,O00165,P0200,3,5050.01,30.7
I000394,O00166,P0014,6,6011.16,0.32
I000395,O00166,P0174,8,4910.7,30.44
I000396,O00167,P0159,9,2883.27,4.6
I000397,O00167,P0040,5,2548.81,32.82
I000398,O00168,P0122,2,5073.11,7.25
I000399,O00168,P0181,10,1572.39,4.82
I000400,O00169,P0010,-2,1000.26,2.04
I000401,O00169,P0071,7,7031.57,39.2
I000402,O00169,P0050,4,4844.03,20.39
I000403,O00169,P0038,1,2765.54,11.22
I000404,O00170,P0183,6,1899.34,0.02
I000405,O00170,P0108,6,4773.38,36.34
I000406,O00170,P0064,2,2597.4,19.65
I000407,O00171,P0078,1,7727.59,5.21
I000408,O00171,P0029,6,3677.71,31.15
I000409,O00171,P0025,9,2458.7,11.04
I000410,O00172,P0023,10,5906.96,36.49
I000411,O00172,P0028,4,4513.12,3.95
I000412,O00172,P0034,9,3084.62,18.97
I000413,O00172,P0162,4,1621.36,5.11
I000414,O00173,P0141,9,8959.64,17.94
I000415,O00173,P0183,2,770.31,16.76
I000416,O00173,P0065,9,1752.66,10.97
I000417,O00173,P0195,3,9562.45,2.43
I000418,O00174,P0190,8,8715.53,38.86
I000419,O00174,P0102,3,5141.86,22.5
I000420,O00175,P0103,-5,2256.3,27.87
I000421,O00175,P0156,9,7106.76,21.0
I000422,O00175,P0070,5,3034.0,10.74
I000423,O00175,P0053,2,551.56,9.53
I000424,O00176,P0164,3,2849.79,5.32
I000425,O00177,P0165,4,2178.73,4.65
I000426,O00178,P0162,6,7084.07,21.97
I000427,O00178,P0155,3,6153.67,12.99
I000428,O00178,P0095,1,203.04,14.22
I000429,O00179,P0046,9,8693.02,37.56
I000430,O00179,P0066,10,7483.12,15.28
I000431,O00179,P0005,5,6379.62,22.04
I000432,O00180,P0057,10,8596.39,15.82
I000433,O00180,P0084,8,7290.23,14.75
I000434,O00180,P0069,8,1896.98,7.4
I000435,O00180,P0053,3,4956.13,29.18
I000436,O00181,P0006,3,6904.93,7.51
I000437,O00181,P0080,3,2528.01,36.37
I000438,O00181,P0042,7,5315.11,29.07
I000439,O00182,P0155,2,305.09,33.06
I000440,O00183,P0034,4,2749.8,37.54
I000441,O00184,P0003,2,8200.73,34.11
I000442,O00185,P0052,3,5672.23,17.77
I000443,O00186,P0079,8,653.17,27.68
I000444,O00186,P0085,9,8266.76,4.11
I000445,O00187,P0027,-2,337.61,17.09
I000446,O00187,P0131,3,2939.78,36.87
I000447,O00187,P0107,7,7177.03,36.06
I000448,O00188,P0044,5,6195.4,4.73
I000449,O00188,P0029,2,6084.61,7.12
I000450,O00188,P0058,9,1895.52,17.01
I000451,O00188,P0027,5,2941.35,35.02
I000452,O00189,P0128,5,7141.94,3.05
I000453,O00189,P0170,1,9782.69,31.11
I000454,O00189,P0095,3,3966.94,28.85
I000455,O00190,P0018,5,3298.23,5.1
I000456,O00190,P0029,7,4992.64,19.25
I000457,O00190,P0148,7,6402.38,5.53
I000458,O00190,P0110,4,5538.46,21.55
I000459,O00191,P0137,2,4276.22,23.12
I000460,O00191,P0138,4,2428.41,0.11
I000461,O00191,P0059,1,4791.87,5.34
I000462,O00191,P0099,2,3558.54,33.95
I000463,O00192,P0076,3,5559.85,37.25
I000464,O00192,P0118,7,8295.44,2.23
I000465,O00193,P0031,3,360.83,38.6
I000466,O00193,P0179,6,1149.5,23.26
I000467,O00194,P0153,6,2525.95,0.5
I000468,O00194,P0041,7,1906.0,29.74
I000469,O00194,P0008,9,3065.13,16.46
I000470,O00194,P0038,6,6483.99,0.53
I000471,O00195,P0040,1,417.98,30.05
I000472,O00196,P0003,7,8772.17,22.17
I000473,O00196,P0102,5,5068.54,28.37
I000474,O00197,P0041,7,1338.82,8.47
I000475,O00197,P0070,10,3983.68,32.9
I000476,O00197,P0024,9,864.37,27.7
I000477,O00197,P0134,8,6454.72,33.09
I000478,O00198,P0014,7,1173.17,3.11
I000479,O00198,P0096,10,3421.17,9.58
I000480,O00199,P0139,2,208.67,36.39
I000481,O00199,P0028,4,6420.05,1.29
I000482,O00200,P0022,1,7923.23,1.83
I000483,O00200,P0146,6,3155.19,39.22
I000484,O00200,P0145,5,5052.14,12.58
I000485,O00201,P0186,2,8975.46,20.14
I000486,O00201,P0092,9,1586.85,23.49
I000487,O00201,P0034,7,8701.24,1.5
I000488,O00201,P0180,3,4684.75,35.41
I000489,O00202,P0184,4,8094.01,26.17
I000490,O00203,P0129,10,9309.25,13.66
I000491,O00203,P0133,3,3667.13,34.24
I000492,O00204,P0011,7,9970.39,24.28
I000493,O00204,P0183,3,9944.6,3.9
I000494,O00204,P0199,1,8717.53,21.89
I000495,O00204,P0175,2,4602.6,6.79
I000496,O00205,P0042,10,983.37,7.17
I000497,O00205,P0018,8,4785.28,10.24
I000498,O00205,P0072,8,1490.43,4.96
I000499,O00206,P0011,7,9179.69,5.16
I000500,O00206,P0094,6,6283.86,12.55
I000501,O00206,P0074,2,5108.83,10.51
I000502,O00206,P0103,1,6474.28,29.64
I000503,O00207,P0180,1,1142.45,15.03
I000504,O00207,P0144,10,822.49,15.53
I000505,O00208,P0172,8,9011.25,18.59
I000506,O00208,P0024,2,1172.65,38.38
I000507,O00208,P0090,7,2074.76,13.15
I000508,O00208,P0120,6,6083.26,8.51
I000509,O00209,P0030,9,4752.68,25.61
I000510,O00209,P0072,6,9879.33,30.97
I000511,O00209,P0117,1,3678.78,17.2
I000512,O00209,P0010,8,2193.78,0.92
I000513,O00210,P0070,2,2811.66,3.27
I000514,O00210,P0065,8,5295.3,26.79
I000515,O00210,P0163,5,632.05,35.8
I000516,O00210,P0046,7,7556.44,6.58
I000517,O00211,P0108,9,1690.82,27.87
I000518,O00211,P0124,6,5746.14,32.92
I000519,O00211,P0122,9,6011.57,3.11
I000520,O00212,P0083,-4,9344.81,19.98
I000521,O00212,P0171,6,9702.76,16.26
I000522,O00213,P0116,3,6425.27,23.14
I000523,O00214,P0056,4,5506.25,6.64
I000524,O00215,P0056,10,3765.54,14.55
I000525,O00215,P0090,5,5070.64,34.71
I000526,O00215,P0054,8,4614.38,16.42
I000527,O00215,P0049,6,4315.91,38.96
I000528,O00216,P0030,7,5572.26,6.51
I000529,O00216,P0046,7,8466.41,27.54
I000530,O00216,P0118,7,7050.72,37.52
I000531,O00217,P0023,2,262.62,37.3
I000532,O00218,P0128,10,1087.05,17.76
I000533,O00219,P0171,5,2197.52,31.08
I000534,O00220,P0030,6,9148.89,16.52
I000535,O00220,P0051,-3,7843.74,20.3
I000536,O00220,P0121,5,2718.54,33.54
I000537,O00220,P0032,7,141.16,36.36
I000538,O00221,P0004,1,3806.62,32.67
I000539,O00222,P0086,7,9737.55,7.71
I000540,O00222,P0044,7,8033.18,23.11
I000541,O00222,P0147,3,3965.08,29.12
I000542,O00223,P0082,4,8031.6,20.17
I000543,O00223,P0133,10,8446.0,25.09
I000544,O00223,P0041,5,1674.63,12.9
I000545,O00223,P0112,2,4430.47,25.16
I000546,O00224,P0008,9,879.85,15.3
I000547,O00224,P0159,3,6381.19,31.1
I000548,O00225,P0062,4,5400.63,9.81
I000549,O00225,P0168,7,6626.65,11.0
I000550,O00226,P0161,10,1198.22,37.09
I000551,O00226,P0006,2,2896.38,35.78
I000552,O00227,P0020,8,9135.92,8.32
I000553,O00228,P0126,1,4916.52,25.03
I000554,O00229,P0176,7,6372.16,18.04
I000555,O00229,P0108,3,200.39,7.15
I000556,O00230,P0031,6,4890.72,24.56
I000557,O00231,P0041,9,9273.17,7.71
I000558,O00232,P0138,1,7633.51,8.65
I000559,O00233,P0030,6,926.08,27.66
I000560,O00233,P0056,3,4867.59,38.13
I000561,O00233,P0008,6,6554.05,18.68
I000562,O00234,P0112,5,6901.87,35.49
I000563,O00234,P0132,5,1118.66,31.73
I000564,O00234,P0103,10,7961.59,38.15
I000565,O00234,P0050,8,4516.96,23.85
I000566,O00235,P0082,10,2077.24,14.12
I000567,O00235,P0160,2,8905.55,38.32
I000568,O00235,P0028,5,3005.39,33.07
I000569,O00236,P0102,3,4350.93,7.44
I000570,O00236,P0008,4,6603.85,14.88
I000571,O00236,P0030,6,3254.03,0.44
I000572,O00237,P0055,6,5660.24,15.42
I000573,O00237,P0120,10,2252.89,22.44
I000574,O00237,P0146,10,8093.52,26.85
I000575,O00238,P0175,6,591.63,19.76
I000576,O00238,P0194,1,4270.25,4.96
I000577,O00238,P0112,3,5952.59,9.46
I000578,O00238,P0082,1,6472.3,34.24
I000579,O00239,P0119,5,9671.85,1.48
I000580,O00240,P0087,1,1041.69,32.1
I000581,O00241,P0071,6,5608.86,12.53
I000582,O00241,P0082,10,3054.59,39.36
I000583,O00241,P0193,8,9674.81,4.86
I000584,O00242,P0159,4,202.92,4.21
I000585,O00242,P0027,6,7270.11,9.05
I000586,O00242,P0008,2,9032.54,14.76
I000587,O00243,P0177,1,7870.95,4.43
I000588,O00244,P0020,10,3857.61,27.95
I000589,O00244,P0068,3,1287.02,12.77
I000590,O00244,P0085,3,8889.2,38.63
I000591,O00245,P0164,9,5821.06,26.45
I000592,O00245,P0115,5,7335.56,9.03
I000593,O00245,P0172,5,7142.68,14.12
I000594,O00245,P0032,4,7379.16,8.24
I000595,O00246,P0020,8,229.97,8.65
I000596,O00247,P0049,4,7639.87,20.56
I000597,O00247,P0125,6,3187.07,18.16
I000598,O00247,P0027,3,1146.04,5.2
I000599,O00247,P0088,6,4579.08,24.82
I000600,O00248,P0200,4,4288.63,27.45
I000601,O00248,P0103,10,1558.17,35.05
I000602,O00249,P0062,1,1951.59,1.14
I000603,O00250,P0091,2,2199.45,15.88
I000604,O00250,P0068,7,626.26,10.9
I000605,O00250,P0031,2,3886.97,37.12
I000606,O00250,P0141,4,4086.65,23.76
I000607,O00251,P0133,1,9593.82,8.78
I000608,O00251,P0111,1,5794.78,9.55
I000609,O00251,P0028,9,2342.0,24.81
I000610,O00251,P0175,7,1102.91,29.36
I000611,O00252,P0127,4,2951.13,23.85
I000612,O00252,P0053,1,5082.08,28.02
I000613,O00252,P0044,8,8540.38,27.52
I000614,O00253,P0081,2,3388.34,18.21
I000615,O00253,P0175,1,4336.43,0.83
I000616,O00254,P0020,1,9698.46,23.33
I000617,O00254,P0044,8,4778.43,1.81
I000618,O00254,P0174,1,9905.09,33.41
I000619,O00255,P0194,2,8058.54,13.43
I000620,O00255,P0038,8,9898.95,10.29
I000621,O00256,P0065,6,3404.01,20.71
I000622,O00256,P0094,10,2772.38,20.77
I000623,O00256,P0118,1,4162.16,8.81
I000624,O00256,P0004,3,405.96,23.1
I000625,O00257,P0093,4,3840.0,4.32
I000626,O00257,P0053,5,6820.14,35.97
I000627,O00257,P0191,8,8773.32,7.0
I000628,O00257,P0023,6,3971.16,16.69
I000629,O00258,P0080,10,3498.42,24.49
I000630,O00258,P0049,7,5709.96,31.7
I000631,O00258,P0011,6,9697.75,19.96
I000632,O00259,P0120,3,2968.84,22.33
I000633,O00259,P0175,3,2953.77,31.99
I000634,O00260,P0117,1,8272.16,4.94
I000635,O00261,P0079,1,1463.42,35.15
I000636,O00261,P0002,9,7711.97,6.2
I000637,O00261,P0111,2,1512.18,29.32
I000638,O00261,P0091,7,899.11,8.75
I000639,O00262,P0091,7,9672.38,3.93
I000640,O00262,P0064,5,6010.68,6.93
I000641,O00262,P0174,7,3292.55,23.13
I000642,O00262,P0164,4,4221.49,7.98
I000643,O00263,P0022,8,3822.06,35.04
I000644,O00263,P0077,7,5313.06,27.77
I000645,O00263,P0146,9,7154.73,18.74
I000646,O00264,P0120,1,361.58,30.67
I000647,O00264,P0108,2,6190.56,12.1
I000648,O00264,P0106,4,3793.8,24.84
I000649,O00264,P0119,10,630.01,33.8
I000650,O00265,P0104,1,7653.66,20.72
I000651,O00265,P0172,1,2774.73,39.45
I000652,O00266,P0086,10,2976.71,19.26
I000653,O00267,P0016,10,7419.7,2.12
I000654,O00267,P0032,4,5664.29,38.69
I000655,O00267,P0190,3,6789.24,34.09
I000656,O00268,P0161,1,6274.27,8.03
I000657,O00268,P0080,-5,8811.0,20.79
I000658,O00268,P0185,4,4790.05,33.31
I000659,O00269,P0101,7,1922.04,9.4
I000660,O00269,P0015,9,6166.32,17.57
I000661,O00269,P0032,10,1547.84,0.87
I000662,O00269,P0077,3,6608.91,6.83
I000663,O00270,P0122,5,1090.19,23.55
I000664,O00270,P0123,6,3972.77,27.91
I000665,O00271,P0119,7,1566.85,11.34
I000666,O00272,P0145,-3,437.43,26.02
I000667,O00273,P0011,8,9819.36,14.31
I000668,O00273,P0091,9,9035.25,21.0
I000669,O00273,P0036,9,6593.6,14.07
I000670,O00273,P0120,10,7180.31,31.47
I000671,O00274,P0196,7,8409.32,19.35
I000672,O00274,P0169,8,1885.71,28.34
I000673,O00274,P0078,9,5301.8,5.18
I000674,O00275,P0151,10,4097.36,1.8
I000675,O00275,P0149,3,6686.08,19.98
I000676,O00275,P0090,8,2392.19,30.87
I000677,O00276,P0027,7,4258.56,2.57
I000678,O00276,P0045,10,470.44,30.0
I000679,O00277,P0196,1,3279.48,27.95
I000680,O00277,P0096,7,6410.22,22.26
I000681,O00277,P0156,4,4431.4,11.44
I000682,O00277,P0162,4,4397.22,21.14
I000683,O00278,P0023,1,6719.72,8.14
I000684,O00278,P0150,3,3659.65,16.32
I000685,O00279,P0088,3,9581.66,29.13
I000686,O00280,P0049,9,6222.94,22.35
I000687,O00280,P0054,3,4444.89,25.02
I000688,O00280,P0147,2,1359.2,20.69
I000689,O00280,P0122,2,2382.68,24.06
I000690,O00281,P0006,5,3643.26,34.9
I000691,O00281,P0058,3,840.29,23.01
I000692,O00281,P0075,9,5050.47,15.97
I000693,O00282,P0140,2,9375.58,39.4
I000694,O00283,P0009,6,2085.06,35.52
I000695,O00284,P0036,4,7365.34,36.97
I000696,O00285,P0061,8,9485.18,36.17
I000697,O00286,P0089,2,6021.66,24.5
I000698,O00287,P0142,8,2778.03,1.67
I000699,O00288,P0128,9,3567.55,19.1
I000700,O00289,P0006,1,8132.5,21.37
I000701,O00289,P0015,7,7405.44,22.1
I000702,O00290,P0100,7,4354.21,17.07
I000703,O00291,P0030,2,9827.09,14.71
I000704,O00291,P0113,4,9188.88,9.53
I000705,O00292,P0151,1,7500.01,35.53
I000706,O00293,P0004,4,858.46,5.07
I000707,O00294,P0073,6,6586.57,9.77
I000708,O00294,P0012,5,4038.4,26.3
I000709,O00295,P0020,5,2138.02,28.21
I000710,O00296,P0057,5,7824.06,11.71
I000711,O00296,P0114,4,2748.6,27.91
I000712,O00296,P0183,9,3531.69,16.43
I000713,O00297,P0072,9,7444.9,8.43
I000714,O00297,P0021,6,7900.61,1.43
I000715,O00297,P0053,4,6534.09,18.15
I000716,O00297,P0036,-1,2775.96,23.53
I000717,O00298,P0022,10,286.6,15.3
I000718,O00298,P0016,8,2136.73,7.38
I000719,O00298,P0072,7,6637.98,1.25
I000720,O00299,P0007,6,9083.75,32.41
I000721,O00299,P0156,10,370.72,29.03
I000722,O00299,P0194,10,4332.74,29.17
I000723,O00300,P0028,9,7240.84,27.12
I000724,O00301,P0109,9,9607.02,18.69
I000725,O00301,P0147,4,250.32,31.98
I000726,O00301,P0185,5,2574.33,21.71
I000727,O00301,P0146,6,482.2,10.97
I000728,O00302,P0169,-3,5727.57,12.84
I000729,O00302,P0065,5,4493.71,0.69
I000730,O00302,P0168,1,9662.27,19.21
I000731,O00303,P0105,10,2836.81,24.41
I000732,O00303,P0015,6,4460.35,10.32
I000733,O00304,P0067,4,1554.33,24.72
I000734,O00304,P0127,1,6580.55,7.37
I000735,O00304,P0033,9,5840.92,1.68
I000736,O00305,P0016,5,259.57,33.8
I000737,O00305,P0183,6,542.86,9.39
I000738,O00306,P0020,9,5159.25,9.48
I000739,O00307,P0147,7,4322.11,11.32
I000740,O00307,P0096,1,7902.83,13.4
I000741,O00307,P0175,7,3809.68,37.7
I000742,O00308,P0160,6,9310.05,36.47
I000743,O00308,P0008,1,2193.65,12.52
I000744,O00308,P0042,9,7157.12,37.6
I000745,O00309,P0150,3,9978.43,3.14
I000746,O00309,P0009,2,9923.96,22.62
I000747,O00309,P0169,10,7366.12,21.56
I000748,O00309,P0186,2,5324.79,2.06
I000749,O00310,P0169,6,8376.49,11.72
I000750,O00310,P0135,4,8010.16,39.1
I000751,O00310,P0134,4,7507.06,4.62
I000752,O00310,P0113,4,9580.32,16.4
I000753,O00311,P0091,9,9154.89,26.13
I000754,O00312,P0115,4,8285.16,5.01
I000755,O00312,P0108,9,9101.73,26.96
I000756,O00313,P0156,5,1267.84,16.34
I000757,O00313,P0067,9,5802.52,25.31
I000758,O00314,P0047,1,4244.39,30.62
I000759,O00314,P0117,8,1351.34,1.36
I000760,O00315,P0007,3,5340.17,15.52
I000761,O00315,P0177,7,4082.94,22.28
I000762,O00315,P0043,5,8984.52,35.93
I000763,O00315,P0019,10,1166.94,28.89
I000764,O00316,P0190,6,9115.67,25.23
I000765,O00317,P0075,3,7264.7,23.58
I000766,O00317,P0194,9,8966.43,23.74
I000767,O00317,P0123,6,4589.92,12.82
I000768,O00317,P0180,3,5922.0,37.79
I000769,O00318,P0060,5,578.05,20.71
I000770,O00319,P0074,3,515.15,37.8
I000771,O00319,P0083,4,2854.74,35.18
I000772,O00319,P0099,6,2919.43,4.74
I000773,O00319,P0082,5,2313.97,6.77
I000774,O00320,P0156,4,1495.93,8.27
I000775,O00320,P0193,9,370.77,36.1
I000776,O00320,P0028,9,2031.81,19.53
I000777,O00321,P0095,4,9484.01,17.06
I000778,O00322,P0134,2,9199.92,4.8
I000779,O00322,P0033,7,959.95,5.47
I000780,O00322,P0117,5,1252.98,14.15
I000781,O00322,P0076,2,2302.17,2.97
I000782,O00323,P0130,5,7381.67,26.88
I000783,O00323,P0086,2,3216.62,36.99
I000784,O00324,P0026,4,6645.19,35.1
I000785,O00324,P0181,1,6310.12,9.84
I000786,O00324,P0134,10,9437.31,26.93
I000787,O00324,P0082,5,4896.62,7.48
I000788,O00325,P0073,2,8585.85,29.98
I000789,O00325,P0034,1,4957.84,24.45
I000790,O00325,P0051,3,6911.02,24.54
I000791,O00325,P0163,10,3552.17,21.22
I000792,O00326,P0077,5,4953.2,25.2
I000793,O00326,P0060,10,4861.49,3.86
I000794,O00327,P0194,5,4527.01,9.9
I000795,O00328,P0030,2,4041.08,5.12
I000796,O00328,P0046,8,8653.69,24.04
I000797,O00328,P0119,-3,5124.13,35.59
I000798,O00328,P0082,7,7740.81,10.46
I000799,O00329,P0106,7,9132.45,10.73
I000800,O00329,P0101,4,8203.39,12.34
I000801,O00329,P0114,7,8768.66,21.44
I000802,O00330,P0158,10,6089.12,0.8
I000803,O00331,P0098,2,3399.55,14.11
I000804,O00332,P0168,1,3684.77,7.94
I000805,O00333,P0138,4,1697.9,14.96
I000806,O00333,P0102,7,7360.01,37.6
I000807,O00334,P0006,9,4039.58,19.4
I000808,O00335,P0073,1,7746.88,9.89
I000809,O00335,P0078,5,8148.66,15.11
I000810,O00336,P0034,2,7248.92,30.5
I000811,O00336,P0190,-5,6088.23,6.07
I000812,O00336,P0070,10,2023.41,24.23
I000813,O00336,P0022,5,4309.01,29.74
I000814,O00337,P0071,2,6594.9,18.86
I000815,O00337,P0118,5,2300.3,16.25
I000816,O00337,P0052,5,9085.89,21.33
I000817,O00338,P0098,8,9519.43,30.51
I000818,O00338,P0005,2,5821.01,1.0
I000819,O00339,P0115,8,6463.9,13.3
I000820,O00339,P0095,2,1775.63,34.59
I000821,O00340,P0152,7,4787.8,28.92
I000822,O00340,P0064,10,683.44,19.74
I000823,O00340,P0022,7,3444.9,6.02
I000824,O00340,P0037,6,6027.43,34.86
I000825,O00341,P0177,9,5501.33,12.52
I000826,O00341,P0054,4,7117.79,20.58
I000827,O00341,P0194,2,4314.45,3.1
I000828,O00342,P0194,3,1302.63,7.89
I000829,O00342,P0004,2,4299.4,6.83
I000830,O00343,P0036,-1,4411.25,11.77
I000831,O00343,P0192,5,6189.49,14.87
I000832,O00343,P0141,3,5280.19,8.18
I000833,O00343,P0108,10,3775.41,24.18
I000834,O00344,P0119,3,7179.31,18.95
I000835,O00344,P0054,6,1588.46,2.68
I000836,O00344,P0085,1,1957.98,27.76
I000837,O00344,P0192,9,1037.67,25.0
I000838,O00345,P0018,9,3515.08,0.57
I000839,O00345,P0090,4,8225.47,34.72
I000840,O00346,P0095,7,5655.01,25.66
I000841,O00346,P0160,4,1608.98,29.23
I000842,O00346,P0197,5,5680.23,5.07
I000843,O00347,P0085,10,8092.27,34.85
I000844,O00347,P0148,8,126.44,9.27
I000845,O00347,P0198,4,8053.2,5.86
I000846,O00347,P0152,3,102.44,3.11
I000847,O00348,P0036,9,4311.52,18.87
I000848,O00349,P0129,4,3835.36,15.42
I000849,O00349,P0195,8,8402.63,12.68
I000850,O00349,P0031,2,8437.69,38.21
I000851,O00350,P0183,9,6981.49,10.02
I000852,O00350,P0037,2,4410.59,13.93
I000853,O00350,P0112,1,8568.19,30.83
I000854,O00351,P0187,10,9979.21,37.58
I000855,O00351,P0109,7,9338.61,39.82
I000856,O00351,P0055,4,5307.43,0.22
I000857,O00352,P0085,5,228.65,10.92
I000858,O00352,P0025,5,4043.11,39.83
I000859,O00352,P0095,5,666.55,22.89
I000860,O00353,P0184,8,6359.18,19.61
I000861,O00354,P0192,2,385.49,35.77
I000862,O00354,P0166,3,1851.39,34.04
I000863,O00354,P0193,2,8473.45,2.24
I000864,O00354,P0140,1,8593.11,11.1
I000865,O00355,P0168,1,6752.71,35.99
I000866,O00355,P0158,3,5909.79,37.77
I000867,O00356,P0171,7,6710.45,2.46
I000868,O00357,P0195,3,931.29,17.74
I000869,O00357,P0129,5,6918.3,16.37
I000870,O00358,P0080,5,1265.37,18.65
I000871,O00359,P0145,8,9188.31,7.3
I000872,O00360,P0048,6,9661.08,30.67
I000873,O00361,P0056,6,8784.26,37.73
I000874,O00362,P0175,3,3855.17,11.48
I000875,O00362,P0165,5,3223.86,9.04
I000876,O00362,P0049,4,2072.32,39.17
I000877,O00363,P0179,2,5829.09,13.95
I000878,O00363,P0113,9,6347.16,33.27
I000879,O00363,P0068,1,5893.71,6.23
I000880,O00364,P0180,6,6851.98,11.55
I000881,O00364,P0112,6,5087.28,33.19
I000882,O00365,P0024,4,4730.11,1.26
I000883,O00365,P0132,2,6348.03,19.01
I000884,O00365,P0198,8,3785.6,15.12
I000885,O00366,P0083,2,8706.36,0.32
I000886,O00367,P0122,2,3644.24,6.51
I000887,O00367,P0086,9,315.32,32.37
I000888,O00367,P0087,8,6975.53,29.24
I000889,O00367,P0166,8,2600.49,14.93
I000890,O00368,P0124,5,9297.0,9.37
I000891,O00368,P0174,9,4316.35,10.77
I000892,O00368,P0103,10,382.7,20.49
I000893,O00369,P0153,4,5723.08,5.58
I000894,O00369,P0179,6,632.62,3.62
I000895,O00369,P0135,3,4641.26,6.61
I000896,O00370,P0169,3,1803.48,12.3
I000897,O00371,P0061,7,2522.85,27.39
I000898,O00371,P0053,-2,3512.65,18.83
I000899,O00372,P0179,7,7091.62,30.52
I000900,O00372,P0055,2,3251.73,37.41
I000901,O00372,P0121,7,8990.41,32.79
I000902,O00372,P0172,7,5387.74,13.87
I000903,O00373,P0057,10,2428.06,14.49
I000904,O00374,P0157,10,9154.4,25.82
I000905,O00375,P0128,1,4410.47,13.58
I000906,O00375,P0049,3,2921.14,15.47
I000907,O00376,P0009,3,5221.75,4.26
I000908,O00376,P0067,2,7353.44,26.23
I000909,O00376,P0108,7,221.02,12.76
I000910,O00376,P0046,10,6894.36,0.46
I000911,O00377,P0109,7,6377.76,24.15
I000912,O00377,P0198,8,7831.93,28.48
I000913,O00377,P0014,9,1205.55,7.15
I000914,O00377,P0078,7,3896.37,26.99
I000915,O00378,P0002,10,5197.47,24.58
I000916,O00378,P0087,8,4701.16,1.59
I000917,O00379,P0118,6,3440.87,11.85
I000918,O00379,P0094,1,1869.41,14.28
I000919,O00379,P0013,1,3047.07,1.42
I000920,O00379,P0154,2,462.46,29.55
I000921,O00380,P0045,9,7295.2,25.32
I000922,O00380,P0022,7,3519.32,18.32
I000923,O00381,P0188,10,857.71,14.91
I000924,O00381,P0135,3,7265.72,32.5
I000925,O00382,P0098,9,879.77,37.1
I000926,O00383,P0109,3,2642.89,26.12
I000927,O00383,P0103,2,4391.01,4.66
I000928,O00383,P0006,4,9949.69,24.62
I000929,O00384,P0178,6,2230.57,37.42
I000930,O00384,P0013,5,7805.26,11.07
I000931,O00385,P0155,7,6814.26,10.91
I000932,O00386,P0054,3,4678.17,31.61
I000933,O00386,P0005,6,2325.77,28.36
I000934,O00386,P0107,4,2949.53,28.48
I000935,O00386,P0169,8,6384.25,13.15
I000936,O00387,P0122,6,8244.02,6.07
I000937,O00387,P0143,8,7007.48,26.92
I000938,O00387,P0004,5,6640.92,22.85
I000939,O00387,P0088,2,5657.12,13.81
I000940,O00388,P0192,6,7533.49,18.06
I000941,O00388,P0136,-5,5890.88,24.97
I000942,O00389,P0107,5,4958.49,9.39
I000943,O00389,P0196,9,6110.51,33.99
I000944,O00389,P0006,2,2191.92,4.43
I000945,O00389,P0193,5,1675.26,31.1
I000946,O00390,P0141,4,6032.56,12.78
I000947,O00390,P0105,6,6675.92,27.47
I000948,O00390,P0091,6,5371.83,9.0
I000949,O00390,P0193,7,4692.75,33.05
I000950,O00391,P0041,1,3407.14,18.56
I000951,O00391,P0046,3,1073.4,23.21
I000952,O00391,P0103,7,4161.91,25.46
I000953,O00391,P0074,10,6136.09,20.13
I000954,O00392,P0154,10,9460.34,13.0
I000955,O00393,P0043,8,9523.28,0.91
I000956,O00393,P0146,10,6575.75,22.08
I000957,O00394,P0042,6,2469.22,18.89
I000958,O00394,P0118,4,3000.52,35.78
I000959,O00395,P0148,8,6072.16,39.59
I000960,O00395,P0119,3,5052.13,4.45
I000961,O00396,P0041,-1,6852.03,16.25
I000962,O00396,P0063,9,8635.47,2.81
I000963,O00396,P0119,7,8845.23,21.49
I000964,O00397,P0113,8,691.88,32.47
I000965,O00398,P0094,7,5164.44,25.99
I000966,O00399,P0032,10,1206.66,6.76
I000967,O00399,P0027,7,1505.31,9.72
I000968,O00399,P0038,8,1061.54,25.68
I000969,O00399,P0068,2,7119.92,30.1
I000970,O00400,P0088,8,4558.72,10.32
I000971,O00400,P0076,5,7637.1,5.92
I000972,O00400,P0177,-3,5679.04,28.55
I000973,O00401,P0184,5,4454.64,11.8
I000974,O00401,P0041,3,2994.1,15.37
I000975,O00401,P0146,-2,5873.98,5.93
I000976,O00402,P0067,6,7480.03,39.84
I000977,O00403,P0123,3,5060.84,20.93
I000978,O00403,P0159,7,4903.93,6.76
I000979,O00403,P0044,9,4891.58,15.19
I000980,O00403,P0089,2,3162.15,8.97
I000981,O00404,P0156,2,3629.36,18.37
I000982,O00404,P0200,1,8472.88,31.32
I000983,O00404,P0187,9,7439.64,14.54
I000984,O00405,P0103,2,5123.42,10.86
I000985,O00406,P0015,8,2554.92,10.24
I000986,O00407,P0177,4,7202.07,7.1
I000987,O00407,P0167,10,2847.02,29.72
I000988,O00408,P0034,9,2156.55,9.76
I000989,O00409,P0119,6,823.24,19.13
I000990,O00409,P0026,8,2054.22,21.69
I000991,O00409,P0138,4,3069.61,0.38
I000992,O00409,P0014,7,1204.09,35.46
I000993,O00410,P0151,10,9923.15,10.07
I000994,O00410,P0163,7,4976.79,7.06
I000995,O00411,P0132,5,2565.32,11.01
I000996,O00411,P0073,9,6296.63,4.46
I000997,O00411,P0166,3,3260.15,38.97
I000998,O00411,P0077,8,1870.07,30.42
I000999,O00412,P0025,9,2016.6,4.35
I001000,O00412,P0114,4,5067.62,12.8
I001001,O00412,P0088,9,6878.99,37.1
I001002,O00413,P0147,3,1999.85,15.85
I001003,O00413,P0173,3,6140.22,6.29
I001004,O00414,P0168,5,2702.27,37.37
I001005,O00414,P0153,5,3131.7,29.07
I001006,O00414,P0107,6,4310.45,15.74
I001007,O00414,P0200,-4,647.54,16.35
I001008,O00415,P0117,-2,2165.23,28.67
I001009,O00415,P0197,5,334.42,17.1
I001010,O00416,P0084,4,6213.8,17.6
I001011,O00416,P0143,5,2507.06,13.02
I001012,O00416,P0144,8,5970.11,38.08
I001013,O00416,P0190,1,3961.62,38.39
I001014,O00417,P0064,7,655.53,13.71
I001015,O00417,P0072,9,9243.7,4.44
I001016,O00417,P0156,3,832.49,39.09
I001017,O00417,P0151,7,8752.11,23.59
I001018,O00418,P0144,8,5770.06,30.51
I001019,O00418,P0023,5,8191.37,27.58
I001020,O00419,P0198,6,3676.17,30.91
I001021,O00419,P0018,4,4736.43,18.43
I001022,O00420,P0051,5,7501.74,0.93
I001023,O00420,P0174,2,4330.58,32.24
I001024,O00420,P0181,1,696.83,39.59
I001025,O00421,P0005,1,8743.5,13.08
I001026,O00421,P0145,9,5790.67,25.37
I001027,O00421,P0112,2,9744.85,31.22
I001028,O00422,P0132,10,6139.31,39.72
I001029,O00422,P0023,2,4366.37,11.07
I001030,O00423,P0190,2,5794.72,18.16
I001031,O00423,P0039,7,4074.51,11.75
I001032,O00423,P0167,10,286.83,9.01
I001033,O00423,P0085,7,8570.19,23.38
I001034,O00424,P0137,4,5786.94,14.19
I001035,O00424,P0118,10,7752.62,8.25
I001036,O00424,P0168,3,5380.88,37.78
I001037,O00425,P0200,3,9551.14,13.1
I001038,O00426,P0059,4,4300.41,10.84
I001039,O00426,P0169,4,370.23,35.11
I001040,O00426,P0054,8,9485.34,1.02
I001041,O00427,P0098,8,2066.51,30.84
I001042,O00427,P0013,10,1019.23,7.0
I001043,O00428,P0042,4,4942.17,24.19
I001044,O00429,P0107,2,3662.6,10.21
I001045,O00429,P0049,2,259.84,15.2
I001046,O00429,P0054,7,8589.18,14.19
I001047,O00430,P0017,5,7042.02,26.02
I001048,O00430,P0112,7,256.92,38.57
I001049,O00430,P0167,6,8489.41,7.09
I001050,O00431,P0033,9,6981.2,30.49
I001051,O00432,P0153,4,6643.43,14.87
I001052,O00433,P0041,3,8122.16,7.26
I001053,O00433,P0108,2,396.8,8.16
I001054,O00433,P0045,7,9098.91,10.61
I001055,O00433,P0133,-1,3382.66,35.55
I001056,O00434,P0189,3,560.34,15.08
I001057,O00435,P0041,1,2304.73,16.8
I001058,O00435,P0026,2,4809.32,39.33
I001059,O00436,P0035,5,9005.54,10.27
I001060,O00436,P0155,6,3719.27,24.54
I001061,O00436,P0164,2,7512.32,34.08
I001062,O00436,P0001,4,5195.87,32.22
I001063,O00437,P0058,2,7200.95,11.29
I001064,O00437,P0169,10,2339.61,7.39
I001065,O00438,P0085,10,5813.95,35.34
I001066,O00438,P0182,3,3810.23,5.81
I001067,O00438,P0119,1,8017.74,25.28
I001068,O00439,P0047,3,8370.25,9.51
I001069,O00439,P0004,7,5763.66,19.35
I001070,O00440,P0049,7,2226.88,24.85
I001071,O00440,P0161,9,7475.11,26.22
I001072,O00440,P0148,9,3438.82,35.7
I001073,O00441,P0088,9,1055.38,34.25
I001074,O00441,P0125,9,7841.35,17.06
I001075,O00441,P0198,1,1349.66,9.09
I001076,O00442,P0029,5,3541.48,18.1
I001077,O00442,P0031,9,921.38,34.68
I001078,O00442,P0141,9,8218.26,35.42
I001079,O00442,P0183,9,8416.13,8.87
I001080,O00443,P0051,6,7821.38,22.52
I001081,O00444,P0137,6,6967.58,39.89
I001082,O00445,P0096,2,6385.58,34.36
I001083,O00445,P0041,4,7535.93,6.08
I001084,O00446,P0052,5,5265.31,16.85
I001085,O00446,P0072,8,1447.59,37.53
I001086,O00446,P0013,1,7112.58,26.72
I001087,O00446,P0103,4,6169.86,38.37
I001088,O00447,P0194,7,4861.23,6.41
I001089,O00448,P0101,7,2014.38,33.37
I001090,O00448,P0041,2,9495.6,5.62
I001091,O00449,P0032,3,1509.84,11.02
I001092,O00449,P0186,-1,5254.14,20.97
I001093,O00449,P0190,10,6638.17,11.95
I001094,O00449,P0150,2,6139.35,6.15
I001095,O00450,P0070,5,4718.6,23.4
I001096,O00450,P0011,8,2323.87,4.12
I001097,O00450,P0098,10,8664.34,9.65
I001098,O00451,P0180,2,2874.02,28.96
I001099,O00451,P0111,5,6438.63,13.15
I001100,O00451,P0108,5,922.62,4.05
I001101,O00451,P0015,8,5000.26,23.64
I001102,O00452,P0027,8,8390.38,15.03
I001103,O00452,P0200,9,6708.81,1.68
I001104,O00452,P0182,2,7956.64,38.16
I001105,O00453,P0031,4,6758.83,36.15
I001106,O00454,P0101,6,4458.43,18.43
I001107,O00454,P0184,9,4047.06,32.21
I001108,O00454,P0191,7,353.84,22.68
I001109,O00454,P0011,1,3356.73,11.69
I001110,O00455,P0008,6,3506.09,38.94
I001111,O00455,P0187,4,7858.73,12.98
I001112,O00455,P0117,5,1689.86,22.34
I001113,O00455,P0065,9,7432.98,30.13
I001114,O00456,P0128,6,5428.52,32.21
I001115,O00456,P0023,4,3127.77,36.57
I001116,O00457,P0164,7,5022.21,7.45
I001117,O00458,P0052,6,4433.91,14.46
I001118,O00458,P0068,3,3295.32,4.46
I001119,O00458,P0182,10,5110.58,25.69
I001120,O00458,P0125,5,5428.72,15.92
I001121,O00459,P0051,2,6019.9,35.08
I001122,O00460,P0068,9,1417.02,15.41
I001123,O00460,P0038,5,9710.38,12.95
I001124,O00460,P0184,4,503.65,21.92
I001125,O00460,P0088,-2,8349.15,39.33
I001126,O00461,P0058,4,3038.25,38.58
I001127,O00461,P0113,10,4445.6,22.25
I001128,O00462,P0106,9,6309.83,35.54
I001129,O00462,P0048,7,7096.78,39.28
I001130,O00463,P0111,4,3635.03,38.32
I001131,O00463,P0095,3,8291.73,28.1
I001132,O00463,P0094,9,1056.55,36.7
I001133,O00464,P0138,4,7203.89,25.8
I001134,O00464,P0081,9,2317.24,10.77
I001135,O00464,P0027,1,4434.92,23.64
I001136,O00464,P0155,2,1796.28,22.4
I001137,O00465,P0089,8,1564.01,27.28
I001138,O00466,P0185,5,9478.78,29.11
I001139,O00467,P0111,7,4575.91,21.54
I001140,O00467,P0181,5,5741.59,35.04
I001141,O00467,P0196,7,5442.16,27.25
I001142,O00467,P0035,6,9711.8,2.12
I001143,O00468,P0151,2,5344.74,29.22
I001144,O00468,P0031,4,6055.1,30.35
I001145,O00468,P0199,3,391.93,37.15
I001146,O00469,P0085,2,4095.2,28.04
I001147,O00470,P0105,3,1911.6,12.45
I001148,O00470,P0098,3,8802.74,19.99
I001149,O00470,P0179,3,2086.01,14.05
I001150,O00470,P0122,2,7542.97,20.95
I001151,O00471,P0156,1,685.55,14.93
I001152,O00472,P0001,-4,3132.01,32.0
I001153,O00472,P0136,10,8607.65,38.23
I001154,O00473,P0163,8,2261.9,13.81
I001155,O00473,P0159,3,5782.45,35.66
I001156,O00474,P0130,8,483.87,21.5
I001157,O00474,P0039,2,3185.49,11.66
I001158,O00475,P0175,9,1087.24,7.73
I001159,O00475,P0047,3,9207.99,37.51
I001160,O00475,P0152,9,7862.22,37.76
I001161,O00476,P0087,4,2470.57,32.7
I001162,O00477,P0104,6,9825.22,19.22
I001163,O00477,P0011,10,5246.45,26.54
I001164,O00478,P0135,9,7593.54,25.73
I001165,O00478,P0145,5,4534.26,7.92
I001166,O00478,P0148,7,3832.96,19.62
I001167,O00479,P0027,10,5026.38,31.45
I001168,O00479,P0083,5,7019.13,21.1
I001169,O00479,P0144,1,982.96,35.68
I001170,O00479,P0124,10,6445.23,29.57
I001171,O00480,P0013,5,3582.48,21.51
I001172,O00481,P0190,9,7021.91,36.43
I001173,O00481,P0131,2,1938.48,8.86
I001174,O00481,P0135,6,2115.72,8.27
I001175,O00481,P0046,-4,2139.7,27.58
I001176,O00482,P0002,6,9872.15,33.06
I001177,O00482,P0062,6,4079.39,6.24
I001178,O00482,P0169,10,6718.47,35.28
I001179,O00483,P0175,5,8798.94,29.47
I001180,O00483,P0147,5,201.25,32.94
I001181,O00483,P0182,7,9020.65,32.67
I001182,O00483,P0161,8,203.25,27.7
I001183,O00484,P0179,8,6926.04,2.82
I001184,O00485,P0030,3,4936.51,7.33
I001185,O00486,P0043,7,2935.75,34.22
I001186,O00486,P0190,5,1282.07,32.92
I001187,O00486,P0066,4,5592.02,19.92
I001188,O00487,P0133,8,1202.93,1.52
I001189,O00487,P0010,7,7649.16,32.26
I001190,O00488,P0112,6,1513.31,23.88
I001191,O00488,P0158,1,5085.83,38.98
I001192,O00489,P0186,1,9491.04,13.65
I001193,O00489,P0082,5,3566.16,8.03
I001194,O00490,P0101,7,2988.88,2.55
I001195,O00491,P0161,6,4444.83,34.85
I001196,O00491,P0050,2,6056.43,11.51
I001197,O00492,P0037,6,6879.15,16.4
I001198,O00492,P0141,-2,7268.39,12.87
I001199,O00493,P0037,2,158.43,0.14
I001200,O00494,P0100,10,2322.73,25.13
I001201,O00495,P0006,8,6483.42,11.3
I001202,O00496,P0116,8,3516.95,39.52
I001203,O00496,P0192,8,8995.91,18.17
I001204,O00496,P0061,6,2939.95,29.24
I001205,O00496,P0175,7,8831.18,14.72
I001206,O00497,P0111,5,4653.33,28.43
I001207,O00498,P0103,6,4117.34,35.34
I001208,O00498,P0033,8,4494.54,15.54
I001209,O00499,P0087,7,5346.37,9.84
I001210,O00499,P0084,4,9485.25,29.17
I001211,O00499,P0171,10,4687.42,34.5
I001212,O00500,P0096,7,1175.64,26.09
I001213,O00500,P0165,5,9561.76,34.8
I001214,O00500,P0079,7,2250.06,22.07
I001215,O00500,P0055,3,9377.51,17.27
I001216,O00501,P0007,10,2805.87,29.84
I001217,O00501,P0178,10,6448.26,23.0
I001218,O00501,P0053,4,3233.26,9.83
I001219,O00501,P0099,3,4918.18,24.41
I001220,O00502,P0174,2,948.93,0.35
I001221,O00503,P0085,2,9027.86,8.12
I001222,O00504,P0055,2,9101.53,23.34
I001223,O00504,P0079,8,7065.67,11.59
I001224,O00505,P0144,3,1604.97,16.61
I001225,O00506,P0041,8,2884.22,33.92
I001226,O00506,P0144,4,6672.3,5.87
I001227,O00506,P0142,8,489.85,35.21
I001228,O00506,P0161,8,1787.53,0.8
I001229,O00507,P0113,3,296.58,19.67
I001230,O00507,P0150,10,3463.79,3.4
I001231,O00507,P0147,6,1435.94,12.0
I001232,O00508,P0039,6,7948.54,31.46
I001233,O00508,P0029,6,8013.24,0.64
I001234,O00508,P0172,10,1773.7,34.05
I001235,O00508,P0051,4,9822.16,36.17
I001236,O00509,P0126,6,614.91,9.55
I001237,O00510,P0068,6,7524.98,30.39
I001238,O00510,P0115,8,3395.9,1.25
I001239,O00510,P0111,-5,290.2,15.23
I001240,O00511,P0098,5,3422.79,32.13
I001241,O00511,P0100,7,3487.07,37.72
I001242,O00511,P0010,5,4939.42,10.67
I001243,O00511,P0178,8,939.47,26.65
I001244,O00512,P0131,3,1159.79,2.98
I001245,O00512,P0030,6,5761.9,9.48
I001246,O00512,P0006,2,195.49,0.54
I001247,O00513,P0159,10,8726.36,18.43
I001248,O00513,P0019,6,1147.74,4.88
I001249,O00513,P0040,3,7486.03,3.25
I001250,O00514,P0184,-2,2181.17,28.68
I001251,O00515,P0083,8,7111.55,19.81
I001252,O00515,P0161,3,7342.49,23.67
I001253,O00515,P0136,1,5125.09,3.18
I001254,O00515,P0050,4,8793.95,23.02
I001255,O00516,P0180,2,8501.3,30.25
I001256,O00516,P0032,4,6389.44,23.69
I001257,O00517,P0130,7,3513.11,9.63
I001258,O00517,P0164,1,9684.58,10.07
I001259,O00517,P0074,3,721.55,13.77
I001260,O00517,P0056,1,8195.26,3.2
I001261,O00518,P0004,6,9171.7,14.46
I001262,O00518,P0191,10,752.2,10.5
I001263,O00518,P0173,6,7447.71,19.22
I001264,O00518,P0023,8,4941.97,21.84
I001265,O00519,P0059,3,3593.66,18.6
I001266,O00519,P0151,8,7982.89,37.81
I001267,O00520,P0119,7,342.35,5.58
I001268,O00520,P0116,6,8715.48,5.98
I001269,O00520,P0040,-2,1595.28,37.84
I001270,O00520,P0037,4,3973.79,6.0
I001271,O00521,P0051,7,8314.8,34.15
I001272,O00521,P0006,5,4916.69,28.95
I001273,O00521,P0128,7,8530.81,19.49
I001274,O00522,P0091,2,3300.5,19.07
I001275,O00523,P0037,8,4221.82,0.52
I001276,O00523,P0061,5,3451.95,12.42
I001277,O00523,P0133,10,1306.29,5.18
I001278,O00524,P0088,3,9707.26,2.52
I001279,O00524,P0186,8,2536.49,37.78
I001280,O00524,P0096,4,9035.29,25.35
I001281,O00525,P0072,6,9028.37,38.62
I001282,O00525,P0143,10,2366.37,23.71
I001283,O00525,P0088,4,2566.08,22.53
I001284,O00525,P0148,1,8819.21,15.37
I001285,O00526,P0160,2,4680.62,36.02
I001286,O00526,P0083,5,3956.81,7.73
I001287,O00527,P0183,1,2311.0,0.12
I001288,O00527,P0037,6,4877.28,5.84
I001289,O00527,P0094,5,4898.51,12.57
I001290,O00528,P0166,10,3026.63,2.42
I001291,O00528,P0049,4,5090.88,9.93
I001292,O00529,P0109,5,3031.42,1.15
I001293,O00529,P0180,7,4702.9,36.39
I001294,O00529,P0003,3,3881.99,6.28
I001295,O00529,P0077,8,1166.67,10.94
I001296,O00530,P0051,8,5906.16,12.91
I001297,O00530,P0181,1,8690.6,22.1
I001298,O00530,P0156,6,8334.86,15.0
I001299,O00531,P0161,7,4015.82,13.06
I001300,O00532,P0165,5,7589.26,1.58
I001301,O00533,P0186,3,9276.79,5.6
I001302,O00534,P0134,3,2426.63,30.19
I001303,O00535,P0087,6,4975.31,21.8
I001304,O00535,P0021,9,7918.31,27.78
I001305,O00535,P0106,9,8162.21,17.94
I001306,O00536,P0196,5,659.49,27.34
I001307,O00537,P0014,4,517.54,30.34
I001308,O00538,P0036,6,7584.03,26.81
I001309,O00538,P0129,1,2967.43,0.94
I001310,O00539,P0141,10,2372.11,19.66
I001311,O00539,P0018,6,5857.67,14.72
I001312,O00539,P0011,3,1607.33,0.29
I001313,O00539,P0052,10,5607.0,20.44
I001314,O00540,P0052,10,2038.15,35.92
I001315,O00540,P0194,7,2925.28,1.15
I001316,O00541,P0053,7,7453.85,34.97
I001317,O00541,P0048,4,7383.46,11.94
I001318,O00541,P0029,4,8196.82,14.44
I001319,O00541,P0011,1,2375.12,35.61
I001320,O00542,P0056,-2,8617.54,8.25
I001321,O00542,P0131,7,4633.05,15.63
I001322,O00542,P0007,3,4853.74,23.87
I001323,O00543,P0020,2,8541.55,24.77
I001324,O00543,P0158,1,9308.58,12.14
I001325,O00544,P0187,1,6493.14,38.84
I001326,O00544,P0146,6,4233.12,0.9
I001327,O00544,P0041,1,3090.3,10.51
I001328,O00544,P0025,4,6403.43,38.1
I001329,O00545,P0122,-1,7275.61,18.21
I001330,O00546,P0070,10,7341.2,6.13
I001331,O00546,P0006,2,3836.51,1.49
I001332,O00546,P0180,7,4183.0,38.92
I001333,O00547,P0169,2,8776.12,28.4
I001334,O00548,P0052,5,1961.89,27.59
I001335,O00548,P0069,1,536.82,22.53
I001336,O00548,P0007,7,7059.17,31.68
I001337,O00548,P0172,1,975.32,14.69
I001338,O00549,P0140,6,5453.59,12.83
I001339,O00549,P0042,6,5844.1,14.88
I001340,O00549,P0096,6,1561.57,26.91
I001341,O00549,P0169,8,4137.48,38.46
I001342,O00550,P0155,5,3394.76,14.35
I001343,O00551,P0116,3,3500.19,36.73
I001344,O00551,P0193,3,5448.09,33.28
I001345,O00551,P0139,3,5779.56,39.09
I001346,O00551,P0175,4,4023.87,32.94
I001347,O00552,P0129,9,1127.77,0.16
I001348,O00553,P0190,6,3322.32,33.46
I001349,O00553,P0059,6,4010.11,26.28
I001350,O00554,P0057,7,9880.71,9.03
I001351,O00554,P0148,8,6970.03,30.13
I001352,O00554,P0090,1,9695.88,32.0
I001353,O00554,P0192,8,814.85,38.0
I001354,O00555,P0194,5,5465.47,3.86
I001355,O00555,P0104,-1,3028.26,8.28
I001356,O00556,P0018,5,1277.63,37.79
I001357,O00557,P0003,6,2163.64,17.14
I001358,O00557,P0179,10,6388.67,23.73
I001359,O00557,P0153,8,5049.95,14.06
I001360,O00557,P0077,5,8625.63,15.35
I001361,O00558,P0109,10,3575.44,38.85
I001362,O00559,P0007,2,5482.98,3.32
I001363,O00559,P0098,2,7515.62,9.66
I001364,O00559,P0010,8,3167.15,31.09
I001365,O00559,P0125,8,4165.01,0.41
I001366,O00560,P0152,1,4499.86,20.08
I001367,O00560,P0173,8,5693.99,32.05
I001368,O00561,P0065,10,5215.69,6.96
I001369,O00562,P0076,10,1185.78,6.19
I001370,O00562,P0042,2,4913.85,0.23
I001371,O00562,P0011,3,534.36,7.31
I001372,O00562,P0075,6,5877.34,19.73
I001373,O00563,P0180,3,9790.09,24.21
I001374,O00563,P0030,1,3730.09,27.96
I001375,O00563,P0026,1,8987.13,14.73
I001376,O00563,P0043,9,4789.21,11.16
I001377,O00564,P0018,6,5120.42,9.73
I001378,O00564,P0017,3,1703.75,22.82
I001379,O00564,P0023,4,9965.55,14.93
I001380,O00564,P0068,5,9711.57,26.25
I001381,O00565,P0030,4,1418.83,28.06
I001382,O00565,P0144,1,5150.94,0.49
I001383,O00565,P0011,9,5897.17,0.35
I001384,O00565,P0060,3,2512.39,19.22
I001385,O00566,P0049,8,2219.81,6.9
I001386,O00566,P0170,9,5459.89,32.15
I001387,O00567,P0171,9,7629.13,19.11
I001388,O00567,P0033,2,2545.97,30.14
I001389,O00568,P0058,1,524.8,12.82
I001390,O00568,P0068,-3,3968.68,24.26
I001391,O00568,P0105,4,1360.53,24.6
I001392,O00569,P0166,4,2947.51,30.92
I001393,O00569,P0194,7,4231.43,22.47
I001394,O00569,P0163,3,495.49,11.1
I001395,O00569,P0041,5,8087.43,36.68
I001396,O00570,P0138,5,4752.13,19.51
I001397,O00570,P0155,10,9242.19,24.21
I001398,O00570,P0084,10,3437.05,27.66
I001399,O00571,P0137,2,2755.3,10.85
I001400,O00571,P0133,5,2355.64,37.07
I001401,O00571,P0158,6,5703.55,13.94
I001402,O00572,P0050,7,6017.83,26.79
I001403,O00572,P0086,4,8916.45,5.57
I001404,O00572,P0133,5,6891.2,28.5
I001405,O00573,P0053,9,7273.47,35.05
I001406,O00573,P0119,4,7920.46,33.22
I001407,O00573,P0149,3,8114.82,15.0
I001408,O00574,P0124,8,1548.77,24.24
I001409,O00574,P0184,5,3827.96,22.03
I001410,O00574,P0070,-2,8138.71,10.19
I001411,O00574,P0146,8,9909.45,23.34
I001412,O00575,P0131,4,9817.62,25.12
I001413,O00575,P0146,8,4816.04,15.48
I001414,O00575,P0108,2,1316.87,30.4
I001415,O00576,P0011,2,5530.06,10.74
I001416,O00577,P0191,7,8923.98,22.66
I001417,O00578,P0029,6,7223.76,11.37
I001418,O00579,P0060,10,7542.09,37.11
I001419,O00579,P0057,6,1601.86,22.15
I001420,O00580,P0196,7,6201.34,38.18
I001421,O00580,P0057,2,6179.91,38.96
I001422,O00580,P0044,8,2537.31,16.26
I001423,O00581,P0118,3,9184.49,11.18
I001424,O00581,P0157,1,3154.09,23.19
I001425,O00582,P0115,2,4496.92,6.02
I001426,O00582,P0055,7,7531.87,0.92
I001427,O00582,P0060,5,6765.78,17.47
I001428,O00582,P0026,9,305.09,20.3
I001429,O00583,P0114,3,6049.44,27.96
I001430,O00583,P0156,7,4099.66,8.72
I001431,O00583,P0053,6,2562.78,11.63
I001432,O00583,P0096,4,8789.53,38.43
I001433,O00584,P0166,2,8021.0,15.55
I001434,O00584,P0179,6,302.89,17.45
I001435,O00585,P0109,6,3729.29,39.88
I001436,O00585,P0023,8,2269.45,23.42
I001437,O00585,P0112,9,8120.41,33.84
I001438,O00585,P0066,7,7631.03,3.6
I001439,O00586,P0024,9,884.63,37.28
I001440,O00586,P0158,8,1502.18,17.44
I001441,O00587,P0059,5,761.11,34.87
I001442,O00587,P0105,10,6580.76,31.37
I001443,O00588,P0074,8,8959.73,9.45
I001444,O00588,P0141,4,862.77,30.91
I001445,O00589,P0046,8,3752.41,7.16
I001446,O00589,P0137,9,2531.9,0.35
I001447,O00589,P0032,3,5181.13,0.83
I001448,O00590,P0101,3,4743.76,33.86
I001449,O00591,P0156,10,4677.81,18.2
I001450,O00591,P0095,2,1704.66,24.24
I001451,O00592,P0018,7,2943.3,21.16
I001452,O00593,P0174,9,8899.05,18.66
I001453,O00593,P0194,9,6094.62,28.73
I001454,O00593,P0102,7,5282.36,16.31
I001455,O00593,P0141,9,1349.77,1.46
I001456,O00594,P0154,6,1243.81,36.17
I001457,O00595,P0097,6,7528.08,8.62
I001458,O00595,P0077,3,5945.26,30.35
I001459,O00595,P0096,3,3089.52,9.78
I001460,O00595,P0007,1,9046.27,10.12
I001461,O00596,P0120,8,9600.22,9.81
I001462,O00596,P0183,3,9235.19,11.82
I001463,O00596,P0096,1,9102.98,35.48
I001464,O00596,P0053,7,3010.12,32.84
I001465,O00597,P0011,6,9227.65,6.64
I001466,O00597,P0123,2,7139.94,10.78
I001467,O00597,P0018,1,6343.68,14.85
I001468,O00597,P0091,8,8005.26,18.41
I001469,O00598,P0073,9,8846.98,30.34
I001470,O00598,P0095,7,457.94,31.17
I001471,O00598,P0014,10,9986.58,6.13
I001472,O00599,P0085,5,7644.88,7.85
I001473,O00599,P0170,10,4004.55,1.68
I001474,O00599,P0183,-2,2025.49,22.77
I001475,O00599,P0113,7,8843.35,17.08
I001476,O00600,P0054,3,2728.53,19.31
I001477,O00600,P0001,2,9159.83,6.62
I001478,O00600,P0017,8,6727.23,32.47
