customer_id,customer_name,email,registration_date,customer_type
C0001,James Gupta,james.gupta26@hotmail.com,2020-08-04,VIP
C0002,Vihaan Davis,vihaan.davis90@rediffmail.com,2020-02-16,REGULAR
C0003,Reyansh Shah,reyansh.shah518@rediffmail.com,2020-11-04,VIP
C0004,James Davis,james.davis430@yahoo.com,2021-03-08,REGULAR
C0005,Emma Kumar,emma.kumar715@outlook.com,2020-08-29,REGULAR
C0006,Emma Smith,emma.smith105@gmail.com,2021-07-11,PREMIUM
C0007,Megha Joshi,megha.joshi827@gmail.com,2022-04-13,REGULAR
C0008,Charlotte Williams,charlotte.williams81@rediffmail.com,2022-09-03,VIP
C0009,Sofia Johnson,sofia.johnson592@yahoo.com,2020-03-12,VIP
C0010,Ayaan Nair,ayaan.nair82@yahoo.com,2021-08-13,PREMIUM
C0011,Riya Johnson,riya.johnson167@hotmail.com,2022-11-07,PREMIUM
C0012,Harry Patel,harry.patel624@yahoo.com,2021-01-15,REGULAR
C0013,Riya Williams,riya.williams277@rediffmail.com,2021-05-18,REGULAR
C0014,Ayaan Verma,ayaan.verma825@hotmail.com,2020-04-12,REGULAR
C0015,Charlotte Wilson,charlotte.wilson898@hotmail.com,2022-02-14,PREMIUM
C0016,Sofia Jones,sofia.jones147@hotmail.com,2023-03-03,VIP
C0017,Shruti Joshi,shruti.joshi765@rediffmail.com,2022-06-25,PREMIUM
C0018,Ananya Shah,ananya.shah142@rediffmail.com,2023-03-20,REGULAR
C0019,Isabella Gupta,isabella.gupta157@yahoo.com,2021-10-17,VIP
C0020,Aditya Williams,aditya.williams391@rediffmail.com,2022-04-01,PREMIUM
C0021,Shruti Sharma,shruti.sharma697@gmail.com,2022-04-14,PREMIUM
C0022,Emma Smith,emma.smith115@hotmail.com,2021-12-05,REGULAR
C0023,Noah Joshi,noah.joshi996@rediffmail.com,2022-02-27,REGULAR
C0024,Isabella Nair,isabella.nair862@rediffmail.com,2020-08-25,PREMIUM
C0025,Emma Kumar,emma.kumar553@rediffmail.com,2022-07-19,PREMIUM
C0026,Neha Sharma,neha.sharma115@hotmail.com,2023-07-15,PREMIUM
C0027,Ayaan Verma,ayaan.verma247@rediffmail.com,2020-05-13,VIP
C0028,Neha Patel,neha.patel779@rediffmail.com,2020-07-18,VIP
C0029,Neha Davis,neha.davis170@hotmail.com,2022-07-31,PREMIUM
C0030,Reyansh Davis,reyansh.davis774@yahoo.com,2021-09-11,VIP
C0031,James Johnson,james.johnson449@rediffmail.com,2021-01-20,REGULAR
C0032,Aditya Smith,aditya.smith22@rediffmail.com,2022-07-03,REGULAR
C0033,Aarav Patel,aarav.patel725@gmail.com,2023-11-07,REGULAR
C0034,Isabella Smith,isabella.smith73@rediffmail.com,2022-11-05,PREMIUM
C0035,Reyansh Davis,reyansh.davis136@rediffmail.com,2021-01-12,PREMIUM
C0036,Olivia Brown,olivia.brown195@gmail.com,2021-10-31,PREMIUM
C0037,Diya Brown,diya.brown479@gmail.com,2022-09-30,REGULAR
C0038,Vivaan Williams,vivaan.williams746@hotmail.com,2020-06-18,REGULAR
C0039,Reyansh Mehta,reyansh.mehta550@outlook.com,2020-10-12,PREMIUM
C0040,Riya Shah,riya.shah896@gmail.com,2023-08-31,VIP
C0041,Vihaan Verma,vihaan.verma668@rediffmail.com,2020-05-24,REGULAR
C0042,Sai Brown,sai.brown498@outlook.com,2021-09-14,REGULAR
C0043,Sai Williams,sai.williams3@outlook.com,2023-05-03,PREMIUM
C0044,Ishaan Brown,ishaan.brown714@rediffmail.com,2022-01-26,REGULAR
C0045,Reyansh Nair,reyansh.nair223@gmail.com,2022-04-22,REGULAR
C0046,Noah Smith,noah.smith59@gmail.com,2022-02-20,VIP
C0047,Sai Verma,sai.verma984@rediffmail.com,2020-10-15,REGULAR
C0048,Megha Patel,megha.patel692@yahoo.com,2023-10-15,VIP
C0049,Ayaan Wilson,ayaan.wilson609@gmail.com,2021-10-13,VIP
C0050,Kavya Wilson,kavya.wilson536@hotmail.com,2020-11-13,VIP
C0051,Harry Smith,harry.smith245@hotmail.com,2022-11-09,VIP
C0052,Ishaan Jones,ishaan.jones324gmail.com,2020-04-23,VIP
C0053,Reyansh Miller,reyansh.miller272@yahoo.com,2023-09-30,REGULAR
C0054,Sofia Shah,sofia.shah379@hotmail.com,2023-07-19,VIP
C0055,Harry Nair,harry.nair627@,2023-12-18,VIP
C0056,Vihaan Singh,vihaan.singh271@gmail.com,2023-02-27,VIP
C0057,Arjun Joshi,arjun.joshi289@rediffmail.com,2021-06-16,REGULAR
C0058,Oliver Joshi,oliver.joshi518@outlook.com,2023-11-11,REGULAR
C0059,Aditya Brown,aditya.brown850@hotmail.com,2021-06-02,REGULAR
C0060,James Joshi,james.joshi166@outlook.com,2021-10-26,VIP
C0061,Aarav Gupta,aarav.gupta78@yahoo.com,2023-07-20,PREMIUM
C0062,Kavya Davis,kavya.davis152@outlook.com,2021-04-23,PREMIUM
C0063,Sofia Verma,sofia.verma921@hotmail.com,2021-01-22,VIP
C0064,Vihaan Johnson,vihaan.johnson799@rediffmail.com,2021-09-23,VIP
C0065,Noah Singh,noah.singh948@yahoo.com,2023-05-27,REGULAR
C0066,Sofia Brown,sofia.brown26@yahoo.com,2021-05-31,PREMIUM
C0067,Olivia Shah,olivia.shah274@yahoo.com,2020-06-16,PREMIUM
C0068,Isabella Verma,isabella.verma880@outlook.com,2023-06-22,PREMIUM
C0069,Ananya Nair,ananya.nair841@yahoo.com,2022-10-22,REGULAR
C0070,Isha Smith,isha.smith286@gmail.com,2021-03-09,PREMIUM
C0071,James Miller,james.miller410@rediffmail.com,2020-02-12,REGULAR
C0072,Sofia Joshi,sofia.joshi183@rediffmail.com,2021-02-16,REGULAR
C0073,Vihaan Taylor,vihaan.taylor445@hotmail.com,2021-05-02,PREMIUM
C0074,Megha Miller,megha.miller119@outlook.com,2020-10-22,PREMIUM
C0075,Vivaan Brown,vivaan.brown2@rediffmail.com,2022-04-16,VIP
C0076,Noah Mehta,noah.mehta373@outlook.com,2022-10-28,PREMIUM
C0077,Megha Smith,megha.smith680@gmail.com,2021-04-11,VIP
C0078,Ishaan Brown,ishaan.brown335@outlook.com,2022-05-11,REGULAR
C0079,Reyansh Brown,reyansh.brown681@outlook.com,2023-11-03,REGULAR
C0080,Megha Wilson,megha.wilson309@outlook.com,2020-01-01,PREMIUM
C0081,Ishaan Mehta,ishaan.mehta441@rediffmail.com,2021-05-15,PREMIUM
C0082,Riya Jones,riya.jones692@yahoo.com,2023-05-18,VIP
C0083,Sai Patel,sai.patel291@rediffmail.com,2022-08-19,PREMIUM
C0084,Aditya Shah,aditya.shah689@hotmail.com,2020-11-05,REGULAR
C0085,Aarav Verma,aarav.verma251@outlook.com,2023-04-08,REGULAR
C0086,Riya Brown,riya.brown908@rediffmail.com,2022-12-17,PREMIUM
C0087,Neha Williams,neha.williams250@yahoo.com,2020-01-09,REGULAR
C0088,Emma Brown,emma.brown225@yahoo.com,2022-12-17,VIP
C0089,Riya Verma,riya.verma571@yahoo.com,2020-07-07,PREMIUM
C0090,Arjun Jones,arjun.jones684@rediffmail.com,2022-07-14,PREMIUM
C0091,Emma Jones,emma.jones628@rediffmail.com,2023-11-09,VIP
C0092,Riya Kumar,riya.kumar762@outlook.com,2023-03-13,REGULAR
C0093,Ava Joshi,ava.joshi785@rediffmail.com,2021-01-06,PREMIUM
C0094,Riya Patel,riya.patel731@hotmail.com,2021-06-05,PREMIUM
C0095,Sofia Davis,sofia.davis83@yahoo.com,2021-08-18,VIP
C0096,Arjun Mehta,arjun.mehta66@outlook.com,2022-04-22,PREMIUM
C0097,Diya Verma,diya.verma212@outlook.com,2023-04-10,VIP
C0098,Harry Sharma,harry.sharma878@rediffmail.com,2020-01-10,PREMIUM
C0099,Ishaan Williams,ishaan.williams874@outlook.com,2023-02-15,VIP
C0100,Olivia Taylor,olivia.taylor920@yahoo.com,2021-02-27,PREMIUM
C0101,Neha Sharma,neha.sharma399@hotmail.com,2023-05-24,PREMIUM
C0102,Noah Kumar,noah.kumar861@outlook.com,2022-08-24,VIP
C0103,Aarav Williams,aarav.williams607@rediffmail.com,2020-05-10,VIP
C0104,Diya Singh,diya.singh888@outlook.com,2021-02-08,PREMIUM
C0105,Priya Mehta,priya.mehta466@hotmail.com,2023-09-28,PREMIUM
C0106,Krishna Brown,krishna.brown259@gmail.com,2023-03-09,VIP
C0107,Vivaan Johnson,vivaan.johnson230@gmail.com,2022-10-09,REGULAR
C0108,Emma Sharma,emma.sharma973@yahoo.com,2020-02-01,VIP
C0109,Arjun Shah,arjun.shah130@outlook.com,2022-05-26,REGULAR
C0110,Riya Joshi,riya.joshi786@hotmail.com,2022-08-01,VIP
C0111,Harry Gupta,harry.gupta797@yahoo.com,2020-06-16,VIP
C0112,Aarav Nair,aarav.nair590@outlook.com,2023-01-15,REGULAR
C0113,Aditya Wilson,aditya.wilson708@yahoo.com,2023-04-15,PREMIUM
C0114,Isabella Taylor,isabella.taylor825@gmail.com,2022-05-29,REGULAR
C0115,Ananya Davis,ananya.davis439@hotmail.com,2022-10-02,PREMIUM
C0116,Aarav Brown,aarav.brown843@outlook.com,2021-07-16,VIP
C0117,Sofia Jones,sofia.jones725@yahoo.com,2023-02-13,VIP
C0118,James Joshi,james.joshi631@rediffmail.com,2021-12-23,PREMIUM
C0119,Ava Wilson,ava.wilson275@hotmail.com,2023-07-14,REGULAR
C0120,Krishna Jones,krishna.jones250@outlook.com,2022-11-03,PREMIUM
C0121,Priya Sharma,priya.sharma507@hotmail.com,2020-11-25,PREMIUM
C0122,Olivia Joshi,olivia.joshi349@hotmail.com,2022-12-25,PREMIUM
C0123,Shruti Sharma,shruti.sharma530@yahoo.com,2023-01-23,PREMIUM
C0124,Neha Davis,neha.davis777@yahoo.com,2022-09-30,VIP
C0125,Neha Jones,neha.jones812@gmail.com,2020-12-10,PREMIUM
C0126,Harry Shah,harry.shah314@rediffmail.com,2022-05-09,VIP
C0127,Ananya Brown,ananya.brown764@rediffmail.com,2022-12-27,PREMIUM
C0128,Krishna Nair,krishna.nair258@yahoo.com,2020-10-26,PREMIUM
C0129,Vihaan Davis,vihaan.davis974@yahoo.com,2023-02-21,PREMIUM
C0130,Krishna Wilson,krishna.wilson779@rediffmail.com,2020-06-05,REGULAR
C0131,Ishaan Shah,ishaan.shah370@yahoo.com,2023-01-04,VIP
C0132,Arjun Joshi,arjun.joshi47@gmail.com,2022-12-19,REGULAR
C0133,James Garcia,james.garcia106@gmail.com,2021-12-30,PREMIUM
C0134,Riya Smith,riya.smith189@gmail.com,2023-08-31,PREMIUM
C0135,Vihaan Patel,vihaan.patel411@outlook.com,2022-09-04,VIP
C0136,Vivaan Singh,vivaan.singh153@rediffmail.com,2020-05-12,REGULAR
C0137,Vihaan Davis,vihaan.davis783@outlook.com,2023-05-13,VIP
C0138,Ayaan Miller,ayaan.miller390@outlook.com,2021-04-06,VIP
C0139,Diya Nair,diya.nair583@rediffmail.com,2023-02-23,REGULAR
C0140,Emma Mehta,emma.mehta641@yahoo.com,2020-05-06,REGULAR
C0141,Ayaan Kumar,ayaan.kumar566@gmail.com,2021-09-26,PREMIUM
C0142,Harry Taylor,harry.taylor482@hotmail.com,2021-03-23,VIP
C0143,Ishaan Jones,ishaan.jones73@yahoo.com,2023-05-08,VIP
C0144,Kavya Mehta,kavya.mehta436@gmail.com,2022-10-03,REGULAR
C0145,Charlotte Joshi,charlotte.joshi847@yahoo.com,2020-09-14,PREMIUM
C0146,Megha Wilson,megha.wilson944@hotmail.com,2021-12-29,VIP
C0147,Ishaan Williams,ishaan.williams966@hotmail.com,2022-02-06,PREMIUM
C0148,Aditya Taylor,aditya.taylor41@outlook.com,2022-07-26,PREMIUM
C0149,Aarav Patel,aarav.patel235@rediffmail.com,2020-02-02,VIP
C0150,Ava Joshi,ava.joshi591@gmail.com,2020-09-29,PREMIUM
C0151,Pooja Jones,pooja.jones939@hotmail.com,2022-06-28,PREMIUM
C0152,James Garcia,james.garcia993@gmail.com,2021-09-26,PREMIUM
C0153,Priya Gupta,priya.gupta879@yahoo.com,2022-12-13,PREMIUM
C0154,Ishaan Williams,ishaan.williams834@rediffmail.com,2020-05-16,PREMIUM
C0155,Krishna Smith,krishna.smith119@outlook.com,2023-07-05,REGULAR
C0156,Oliver Davis,oliver.davis474@outlook.com,2022-03-16,PREMIUM
C0157,Megha Garcia,megha.garcia641@outlook.com,2020-11-12,PREMIUM
C0158,Shruti Singh,shruti.singh950@hotmail.com,2022-12-20,PREMIUM
C0159,Vihaan Sharma,vihaan.sharma997@rediffmail.com,2023-01-07,REGULAR
C0160,Ishaan Davis,ishaan.davis15@rediffmail.com,2020-12-15,REGULAR
C0161,Riya Gupta,riya.gupta664@yahoo.com,2023-01-18,PREMIUM
C0162,Pooja Joshi,pooja.joshi426@outlook.com,2021-01-13,PREMIUM
C0163,Shruti Singh,shruti.singh393@yahoo.com,2022-02-28,VIP
C0164,Sofia Singh,sofia.singh885@gmail.com,2023-05-12,PREMIUM
C0165,Priya Miller,priya.miller274@gmail.com,2021-04-08,VIP
C0166,Kavya Garcia,kavya.garcia887@yahoo.com,2022-01-22,PREMIUM
C0167,Priya Davis,priya.davis782@rediffmail.com,2023-12-20,PREMIUM
C0168,Isabella Mehta,isabella.mehta715@yahoo.com,2020-12-28,PREMIUM
C0169,Vivaan Smith,vivaan.smith763@outlook.com,2023-06-14,PREMIUM
C0170,Isha Singh,isha.singh508@gmail.com,2022-07-05,PREMIUM
C0171,Isabella Gupta,isabella.gupta896@outlook.com,2023-11-15,PREMIUM
C0172,Aarav Singh,aarav.singh420@yahoo.com,2023-04-29,PREMIUM
C0173,Priya Taylor,priya.taylor710@outlook.com,2023-08-16,PREMIUM
C0174,Isabella Davis,isabella.davis390@hotmail.com,2023-10-10,PREMIUM
C0175,Isabella Davis,isabella.davis37@rediffmail.com,2022-09-07,VIP
C0176,Charlotte Nair,charlotte.nair233@gmail.com,2020-06-01,VIP
C0177,Harry Gupta,harry.gupta455@yahoo.com,2023-11-04,REGULAR
C0178,Vivaan Smith,vivaan.smith816@gmail.com,2021-08-05,PREMIUM
C0179,Arjun Shah,arjun.shah544@outlook.com,2023-05-16,REGULAR
C0180,Sai Kumar,sai.kumar81@rediffmail.com,2022-08-20,VIP
C0181,Ayaan Garcia,ayaan.garcia935@rediffmail.com,2021-12-17,VIP
C0182,Krishna Jones,krishna.jones262@gmail.com,2021-12-23,PREMIUM
C0183,Oliver Davis,oliver.davis162@gmail.com,2021-06-20,VIP
C0184,Ishaan Brown,ishaan.brown707@hotmail.com,2021-04-14,REGULAR
C0185,Isha Garcia,isha.garcia110@yahoo.com,2021-07-11,VIP
C0186,Ishaan Nair,ishaan.nair23@outlook.com,2022-05-29,VIP
C0187,Emma Verma,emma.verma933@rediffmail.com,2023-07-17,PREMIUM
C0188,Emma Shah,emma.shah622@hotmail.com,2020-10-22,VIP
C0189,Krishna Singh,krishna.singh644@gmail.com,2022-10-01,REGULAR
C0190,Ishaan Jones,ishaan.jones35@rediffmail.com,2020-07-23,REGULAR
C0191,Charlotte Nair,charlotte.nair335@outlook.com,2020-07-24,VIP
C0192,Sofia Johnson,sofia.johnson544@rediffmail.com,2023-07-14,REGULAR
C0193,Krishna Garcia,krishna.garcia991@hotmail.com,2021-06-10,REGULAR
C0194,Riya Patel,riya.patel145@yahoo.com,2023-01-30,VIP
C0195,Isha Davis,isha.davis375@gmail.com,2020-01-22,PREMIUM
C0196,Shruti Gupta,shruti.gupta466@hotmail.com,2022-11-10,PREMIUM
C0197,Kavya Williams,kavya.williams843@hotmail.com,2020-12-29,PREMIUM
C0198,Aarav Taylor,aarav.taylor906@rediffmail.com,2022-08-05,REGULAR
C0199,James Patel,james.patel651@outlook.com,2021-04-14,VIP
C0200,Diya Gupta,diya.gupta144@gmail.com,2021-04-17,PREMIUM
C0201,Vihaan Gupta,vihaan.gupta241@rediffmail.com,2021-12-05,PREMIUM
C0202,Oliver Davis,oliver.davis430@rediffmail.com,2020-08-28,PREMIUM
C0203,James Gupta,james.gupta854@outlook.com,2023-12-29,PREMIUM
C0204,Vivaan Johnson,vivaan.johnson223@outlook.com,2021-01-01,PREMIUM
C0205,Vihaan Johnson,vihaan.johnson558@hotmail.com,2021-03-04,REGULAR
C0206,Vihaan Jones,vihaan.jones94@yahoo.com,2022-07-16,REGULAR
C0207,Vivaan Smith,vivaan.smith250@yahoo.com,2020-11-14,REGULAR
C0208,Ava Davis,ava.davis213@rediffmail.com,2023-09-13,REGULAR
C0209,Priya Singh,priya.singh808rediffmail.com,2020-07-20,VIP
C0210,Krishna Kumar,krishna.kumar113@gmail.com,2021-07-10,REGULAR
C0211,Kavya Smith,kavya.smith17@yahoo.com,2020-07-15,VIP
C0212,Diya Miller,diya.miller117@gmail.com,2023-04-23,PREMIUM
C0213,Pooja Wilson,pooja.wilson112@outlook.com,2022-08-13,REGULAR
C0214,Noah Miller,noah.miller309@outlook.com,2020-02-18,REGULAR
C0215,Neha Williams,neha.williams437@gmail.com,2023-11-14,PREMIUM
C0216,Aditya Patel,aditya.patel330@rediffmail.com,2020-07-15,PREMIUM
C0217,Megha Wilson,megha.wilson562@hotmail.com,2022-07-17,VIP
C0218,Ishaan Jones,ishaan.jones518@rediffmail.com,2023-05-17,VIP
C0219,Vihaan Davis,vihaan.davis739@yahoo.com,2023-10-11,REGULAR
C0220,Diya Smith,diya.smith848@outlook.com,2023-02-07,REGULAR
C0221,Priya Brown,priya.brown321@hotmail.com,2020-08-25,VIP
C0222,Charlotte Garcia,charlotte.garcia69@gmail.com,2020-05-24,PREMIUM
C0223,Vihaan Johnson,vihaan.johnson832@yahoo.com,2022-06-30,VIP
C0224,Shruti Smith,shruti.smith687@gmail.com,2023-09-19,VIP
C0225,Emma Brown,emma.brown889@gmail.com,2022-07-21,PREMIUM
C0226,Ananya Gupta,ananya.gupta592@rediffmail.com,2022-10-17,PREMIUM
C0227,Ayaan Gupta,ayaan.gupta359@rediffmail.com,2023-03-30,PREMIUM
C0228,Kavya Shah,kavya.shah827@outlook.com,2023-04-07,VIP
C0229,Megha Davis,megha.davis27@rediffmail.com,2023-07-12,VIP
C0230,Krishna Sharma,krishna.sharma185@hotmail.com,2021-04-24,PREMIUM
C0231,Ananya Sharma,ananya.sharma186@yahoo.com,2021-09-14,REGULAR
C0232,Arjun Sharma,arjun.sharma94@rediffmail.com,2021-10-14,PREMIUM
C0233,Priya Kumar,priya.kumar379@hotmail.com,2023-04-21,VIP
C0234,Megha Patel,megha.patel905@gmail.com,2023-03-17,VIP
C0235,Vivaan Patel,vivaan.patel279@outlook.com,2022-01-24,VIP
C0236,Riya Brown,riya.brown280@yahoo.com,2020-06-25,PREMIUM
C0237,Diya Gupta,diya.gupta291@rediffmail.com,2022-11-02,PREMIUM
C0238,Vivaan Shah,vivaan.shah405@rediffmail.com,2020-11-13,PREMIUM
C0239,Reyansh Singh,reyansh.singh783@hotmail.com,2020-07-05,REGULAR
C0240,Neha Brown,neha.brown180@yahoo.com,2022-12-29,REGULAR
C0241,Pooja Davis,pooja.davis854@hotmail.com,2023-08-31,VIP
C0242,Vivaan Brown,vivaan.brown20@outlook.com,2023-09-01,PREMIUM
C0243,Kavya Brown,kavya.brown588@outlook.com,2021-10-10,PREMIUM
C0244,Vihaan Williams,vihaan.williams22@hotmail.com,2022-08-18,PREMIUM
C0245,Ava Johnson,ava.johnson91@outlook.com,2021-01-12,PREMIUM
C0246,Kavya Williams,kavya.williams537@gmail.com,2021-04-26,VIP
C0247,Priya Shah,priya.shah342@yahoo.com,2022-09-10,REGULAR
C0248,Pooja Miller,pooja.miller199@hotmail.com,2023-06-26,VIP
C0249,Ava Singh,ava.singh242@gmail.com,2020-11-02,REGULAR
C0250,Megha Singh,megha.singh779@gmail.com,2023-04-15,VIP
C0251,Neha Jones,neha.jones773@rediffmail.com,2021-11-28,VIP
C0252,Charlotte Wilson,charlotte.wilson659@rediffmail.com,2022-09-01,PREMIUM
C0253,Arjun Jones,arjun.jones70@outlook.com,2021-04-15,PREMIUM
C0254,Kavya Verma,kavya.verma361@rediffmail.com,2021-12-18,PREMIUM
C0255,Vivaan Verma,vivaan.verma378@hotmail.com,2023-09-04,REGULAR
C0256,Megha Taylor,megha.taylor520@outlook.com,2022-05-11,VIP
C0257,Sofia Verma,sofia.verma461@rediffmail.com,2021-05-14,VIP
C0258,Neha Miller,neha.miller155@gmail.com,2023-06-13,PREMIUM
C0259,Harry Patel,harry.patel517@yahoo.com,2023-01-04,PREMIUM
C0260,Riya Miller,riya.miller536@rediffmail.com,2021-08-02,PREMIUM
C0261,Isha Brown,isha.brown794@hotmail.com,2020-03-22,VIP
C0262,James Smith,james.smith68@hotmail.com,2022-11-19,PREMIUM
C0263,Ishaan Joshi,ishaan.joshi742@rediffmail.com,2021-06-01,REGULAR
C0264,Kavya Singh,kavya.singh939@hotmail.com,2022-10-16,VIP
C0265,Oliver Williams,oliver.williams133@rediffmail.com,2020-05-11,PREMIUM
C0266,Shruti Williams,shruti.williams659@hotmail.com,2022-11-06,VIP
C0267,Ava Miller,ava.miller96@outlook.com,2020-01-29,PREMIUM
C0268,Ishaan Kumar,ishaan.kumar974@yahoo.com,2023-04-05,PREMIUM
C0269,Reyansh Shah,reyansh.shah141@yahoo.com,2023-08-04,REGULAR
C0270,Pooja Davis,pooja.davis856@rediffmail.com,2021-06-07,VIP
C0271,Arjun Taylor,arjun.taylor386@yahoo.com,2023-07-15,VIP
C0272,Emma Taylor,emma.taylor829@yahoo.com,2020-03-08,PREMIUM
C0273,Ananya Shah,ananya.shah993@outlook.com,2023-03-14,VIP
C0274,Olivia Jones,olivia.jones240@rediffmail.com,2023-06-10,PREMIUM
C0275,Sofia Mehta,sofia.mehta377@rediffmail.com,2021-12-18,PREMIUM
C0276,Emma Williams,emma.williams515@rediffmail.com,2020-09-08,REGULAR
C0277,Olivia Taylor,olivia.taylor142@hotmail.com,2022-01-16,PREMIUM
C0278,Shruti Gupta,shruti.gupta729@rediffmail.com,2021-03-18,REGULAR
C0279,Emma Kumar,emma.kumar280@outlook.com,2020-08-16,PREMIUM
C0280,Aditya Shah,aditya.shah837@outlook.com,2023-12-16,REGULAR
C0281,Diya Verma,diya.verma406@rediffmail.com,2021-08-22,REGULAR
C0282,Ananya Shah,ananya.shah29@hotmail.com,2023-07-27,VIP
C0283,James Smith,james.smith811@yahoo.com,2021-03-21,PREMIUM
C0284,Harry Singh,harry.singh778@outlook.com,2020-01-09,REGULAR
C0285,Aarav Joshi,aarav.joshi221@yahoo.com,2023-02-03,VIP
C0286,Pooja Brown,pooja.brown114@hotmail.com,2020-07-08,REGULAR
C0287,Ayaan Brown,ayaan.brown655@rediffmail.com,2020-06-21,PREMIUM
C0288,Megha Davis,megha.davis17@rediffmail.com,2023-01-21,REGULAR
C0289,Ishaan Brown,ishaan.brown2@rediffmail.com,2022-06-05,PREMIUM
C0290,Sai Patel,sai.patel537@hotmail.com,2022-03-28,VIP
C0291,Pooja Miller,pooja.miller568@gmail.com,2021-12-31,REGULAR
C0292,James Williams,james.williams383@hotmail.com,2021-07-08,REGULAR
C0293,Ananya Shah,ananya.shah751@gmail.com,2023-02-16,PREMIUM
C0294,Arjun Verma,arjun.verma361@rediffmail.com,2022-09-25,REGULAR
C0295,Ava Jones,ava.jones713@outlook.com,2023-06-14,REGULAR
C0296,Aditya Jones,aditya.jones38@hotmail.com,2023-05-13,REGULAR
C0297,Sofia Verma,sofia.verma324@hotmail.com,2023-06-20,VIP
C0298,Neha Joshi,neha.joshi38@yahoo.com,2023-09-01,REGULAR
C0299,Isabella Smith,isabella.smith280@gmail.com,2021-11-09,PREMIUM
C0300,Noah Jones,noah.jones917@outlook.com,2020-10-17,PREMIUM
C0301,Harry Garcia,harry.garcia377@rediffmail.com,2020-05-08,VIP
C0302,Diya Patel,diya.patel441@rediffmail.com,2020-10-07,VIP
C0303,Ishaan Smith,ishaan.smith106@gmail.com,2021-04-04,PREMIUM
C0304,Riya Taylor,riya.taylor735@outlook.com,2021-11-20,PREMIUM
C0305,Riya Verma,riya.verma745@hotmail.com,2021-11-06,PREMIUM
C0306,James Verma,james.verma77@outlook.com,2023-05-29,VIP
C0307,Oliver Kumar,oliver.kumar976@gmail.com,2022-08-01,VIP
C0308,Olivia Jones,olivia.jones36@yahoo.com,2023-04-24,VIP
C0309,Ananya Johnson,ananya.johnson393@rediffmail.com,2020-08-26,VIP
C0310,Riya Johnson,riya.johnson381@outlook.com,2022-06-10,REGULAR
C0311,Pooja Johnson,pooja.johnson408@hotmail.com,2021-01-22,REGULAR
C0312,Aarav Kumar,aarav.kumar512@rediffmail.com,2022-05-22,REGULAR
C0313,Krishna Joshi,krishna.joshi721@outlook.com,2022-08-08,PREMIUM
C0314,Harry Garcia,harry.garcia205@gmail.com,2020-04-25,PREMIUM
C0315,Sai Jones,sai.jones90@hotmail.com,2023-01-07,REGULAR
C0316,Shruti Davis,shruti.davis298@hotmail.com,2023-01-10,VIP
C0317,Charlotte Kumar,charlotte.kumar813@hotmail.com,2020-07-07,REGULAR
C0318,Olivia Singh,olivia.singh243@outlook.com,2022-05-10,VIP
C0319,Ananya Jones,ananya.jones823@rediffmail.com,2023-10-05,REGULAR
C0320,Aditya Nair,aditya.nair408@outlook.com,2023-04-09,PREMIUM
C0321,Ava Wilson,ava.wilson76@yahoo.com,2022-09-24,REGULAR
C0322,Riya Jones,riya.jones697@rediffmail.com,2023-09-25,VIP
C0323,James Wilson,james.wilson187@yahoo.com,2023-11-15,REGULAR
C0324,Ava Gupta,ava.gupta531@yahoo.com,2020-09-08,PREMIUM
C0325,Charlotte Shah,charlotte.shah355@rediffmail.com,2023-08-07,REGULAR
C0326,Krishna Mehta,krishna.mehta651@rediffmail.com,2022-08-28,PREMIUM
C0327,Megha Davis,megha.davis96@rediffmail.com,2022-07-08,VIP
C0328,Arjun Kumar,arjun.kumar675@rediffmail.com,2022-07-29,PREMIUM
C0329,Ava Wilson,ava.wilson43@gmail.com,2022-09-23,VIP
C0330,Krishna Mehta,krishna.mehta786@rediffmail.com,2022-09-19,REGULAR
C0331,Neha Davis,neha.davis297@hotmail.com,2023-06-04,VIP
C0332,Isha Nair,isha.nair465@gmail.com,2020-09-02,PREMIUM
C0333,Diya Garcia,diya.garcia476@yahoo.com,2020-08-11,PREMIUM
C0334,Isabella Smith,isabella.smith752@hotmail.com,2020-07-22,PREMIUM
C0335,Pooja Davis,pooja.davis109@hotmail.com,2020-07-09,PREMIUM
C0336,Riya Shah,riya.shah145@gmail.com,2021-08-19,VIP
C0337,Diya Shah,diya.shah986@yahoo.com,2023-12-21,VIP
C0338,Noah Smith,noah.smith195@yahoo.com,2022-03-10,PREMIUM
C0339,Neha Nair,neha.nair510@gmail.com,2021-09-02,VIP
C0340,Riya Shah,riya.shah221@rediffmail.com,2020-03-19,PREMIUM
C0341,Neha Taylor,neha.taylor904@outlook.com,2020-01-13,REGULAR
C0342,Diya Singh,diya.singh904@hotmail.com,2023-04-01,PREMIUM
C0343,Ananya Verma,ananya.verma411@gmail.com,2020-10-29,PREMIUM
C0344,Shruti Nair,shruti.nair76@outlook.com,2023-04-02,VIP
C0345,Krishna Taylor,krishna.taylor697@rediffmail.com,2020-05-30,PREMIUM
C0346,Ananya Smith,ananya.smith572@hotmail.com,2020-11-05,VIP
C0347,Pooja Williams,pooja.williams513@gmail.com,2020-07-31,VIP
C0348,Priya Garcia,priya.garcia532@outlook.com,2023-10-19,VIP
C0349,Arjun Smith,arjun.smith954@rediffmail.com,2021-09-02,VIP
C0350,Noah Nair,noah.nair608@hotmail.com,2022-03-02,VIP
C0351,Neha Wilson,neha.wilson307@outlook.com,2021-07-26,PREMIUM
C0352,Oliver Gupta,oliver.gupta427@rediffmail.com,2023-10-28,VIP
C0353,Isabella Sharma,isabella.sharma612@outlook.com,2022-10-15,VIP
C0354,Kavya Shah,kavya.shah739@gmail.com,2020-09-21,VIP
C0355,James Taylor,james.taylor794@outlook.com,2022-11-23,REGULAR
C0356,Vivaan Wilson,vivaan.wilson971@gmail.com,2021-11-16,PREMIUM
C0357,Diya Singh,diya.singh423@yahoo.com,2023-04-18,VIP
C0358,Charlotte Garcia,charlotte.garcia894@gmail.com,2022-03-16,REGULAR
C0359,Shruti Smith,shruti.smith679@outlook.com,2021-05-02,REGULAR
C0360,Riya Davis,riya.davis351@rediffmail.com,2023-04-14,VIP
C0361,Oliver Joshi,oliver.joshi625@outlook.com,2021-01-17,PREMIUM
C0362,Shruti Nair,shruti.nair231@hotmail.com,2022-12-31,REGULAR
C0363,Harry Garcia,harry.garcia325@outlook.com,2023-12-21,VIP
C0364,Krishna Nair,krishna.nair125@rediffmail.com,2021-08-12,PREMIUM
C0365,Ava Johnson,ava.johnson978@yahoo.com,2021-03-22,VIP
C0366,Aditya Johnson,aditya.johnson947@outlook.com,2023-03-06,PREMIUM
C0367,Reyansh Mehta,reyansh.mehta848@rediffmail.com,2022-05-23,VIP
C0368,Krishna Singh,krishna.singh112@rediffmail.com,2021-01-06,REGULAR
C0369,Vivaan Miller,vivaan.miller232@yahoo.com,2021-10-04,PREMIUM
C0370,Harry Garcia,harry.garcia103yahoo.com,2021-09-24,VIP
C0371,Charlotte Garcia,charlotte.garcia489@yahoo.com,2021-03-22,PREMIUM
C0372,Ishaan Verma,ishaan.verma930@gmail.com,2020-12-26,VIP
C0373,Noah Verma,noah.verma936@yahoo.com,2023-07-25,REGULAR
C0374,Charlotte Verma,charlotte.verma857@outlook.com,2020-10-16,VIP
C0375,Isabella Nair,isabella.nair898gmail.com,2023-12-13,PREMIUM
C0376,Ishaan Jones,ishaan.jones657@rediffmail.com,2023-10-13,REGULAR
C0377,Isabella Miller,isabella.miller480@hotmail.com,2020-06-23,PREMIUM
C0378,Sai Jones,sai.jones664@hotmail.com,2020-01-22,VIP
C0379,Priya Nair,priya.nair582@yahoo.com,2023-08-22,VIP
C0380,Sofia Williams,sofia.williams847@outlook.com,2020-05-14,PREMIUM
C0381,Oliver Gupta,oliver.gupta190@yahoo.com,2023-12-24,REGULAR
C0382,Aarav Joshi,aarav.joshi393@yahoo.com,2021-02-18,PREMIUM
C0383,Ishaan Wilson,ishaan.wilson741@,2022-12-12,REGULAR
C0384,Vivaan Gupta,vivaan.gupta477@hotmail.com,2022-12-01,VIP
C0385,Charlotte Nair,charlotte.nair707@gmail.com,2021-04-03,PREMIUM
C0386,Megha Shah,megha.shah225@yahoo.com,2021-12-07,VIP
C0387,Megha Johnson,megha.johnson426@rediffmail.com,2023-03-22,VIP
C0388,Olivia Mehta,olivia.mehta781@yahoo.com,2022-07-14,REGULAR
C0389,Pooja Jones,pooja.jones541@hotmail.com,2022-05-26,REGULAR
C0390,Vivaan Davis,vivaan.davis925@rediffmail.com,2022-04-13,REGULAR
C0391,Sai Smith,sai.smith875@rediffmail.com,2022-11-22,REGULAR
C0392,Harry Wilson,harry.wilson501@gmail.com,2021-11-23,REGULAR
C0393,Riya Singh,riya.singh526@outlook.com,2020-03-30,VIP
C0394,Riya Nair,riya.nair741@gmail.com,2023-06-22,REGULAR
C0395,Noah Mehta,noah.mehta593@gmail.com,2021-06-19,VIP
C0396,Aditya Davis,aditya.davis62@gmail.com,2022-01-03,REGULAR
C0397,Ishaan Brown,ishaan.brown185@yahoo.com,2023-02-06,VIP
C0398,Diya Johnson,diya.johnson913@outlook.com,2023-11-25,PREMIUM
C0399,Isha Patel,isha.patel700@rediffmail.com,2023-08-29,PREMIUM
C0400,Vihaan Kumar,vihaan.kumar551@outlook.com,2023-02-04,REGULAR
C0401,Ava Sharma,ava.sharma775@gmail.com,2021-12-20,VIP
C0402,Noah Davis,noah.davis435@rediffmail.com,2020-12-22,REGULAR
C0403,Riya Johnson,riya.johnson159@hotmail.com,2023-09-21,VIP
C0404,Emma Gupta,emma.gupta33@outlook.com,2023-12-25,REGULAR
C0405,Ayaan Mehta,ayaan.mehta69@gmail.com,2021-11-24,VIP
C0406,Oliver Verma,oliver.verma251@gmail.com,2020-12-30,VIP
C0407,Reyansh Verma,reyansh.verma144@rediffmail.com,2020-12-29,VIP
C0408,Kavya Smith,kavya.smith592@rediffmail.com,2023-06-25,PREMIUM
C0409,Ayaan Nair,ayaan.nair898@yahoo.com,2022-03-20,REGULAR
C0410,Diya Nair,diya.nair282@gmail.com,2022-07-08,VIP
C0411,Charlotte Kumar,charlotte.kumar642@outlook.com,2020-03-13,PREMIUM
C0412,James Williams,james.williams805@rediffmail.com,2021-10-08,PREMIUM
C0413,Arjun Nair,arjun.nair386@yahoo.com,2022-01-05,REGULAR
C0414,Isabella Shah,isabella.shah308@yahoo.com,2023-11-22,REGULAR
C0415,Shruti Brown,shruti.brown992@outlook.com,2020-07-27,PREMIUM
C0416,Ayaan Joshi,ayaan.joshi209@hotmail.com,2023-12-03,PREMIUM
C0417,Isabella Johnson,isabella.johnson95@rediffmail.com,2020-10-22,REGULAR
C0418,Krishna Williams,krishna.williams690@rediffmail.com,2023-09-19,REGULAR
C0419,Reyansh Wilson,reyansh.wilson742@rediffmail.com,2020-11-20,PREMIUM
C0420,Ishaan Sharma,ishaan.sharma217@yahoo.com,2020-07-01,VIP
C0421,Emma Garcia,emma.garcia937@yahoo.com,2022-12-29,REGULAR
C0422,Isha Shah,isha.shah566@hotmail.com,2021-08-14,PREMIUM
C0423,Shruti Johnson,shruti.johnson316@hotmail.com,2023-10-03,PREMIUM
C0424,Riya Gupta,riya.gupta823@outlook.com,2021-05-12,REGULAR
C0425,Ananya Smith,ananya.smith424@gmail.com,2020-12-09,VIP
C0426,Arjun Sharma,arjun.sharma268@rediffmail.com,2022-06-18,VIP
C0427,Diya Nair,diya.nair157@yahoo.com,2021-08-13,VIP
C0428,Ava Shah,ava.shah512@rediffmail.com,2022-11-29,PREMIUM
C0429,Krishna Garcia,krishna.garcia990@outlook.com,2023-02-12,PREMIUM
C0430,Sai Singh,sai.singh738@rediffmail.com,2023-11-25,VIP
C0431,James Verma,james.verma537@gmail.com,2020-04-25,VIP
C0432,Vivaan Sharma,vivaan.sharma423@yahoo.com,2020-12-25,REGULAR
C0433,Harry Singh,harry.singh10@yahoo.com,2021-08-02,REGULAR
C0434,Megha Taylor,megha.taylor935@outlook.com,2020-01-25,REGULAR
C0435,Shruti Davis,shruti.davis422@,2022-04-12,PREMIUM
C0436,Aarav Miller,aarav.miller833@outlook.com,2023-11-14,REGULAR
C0437,Vihaan Gupta,vihaan.gupta537@yahoo.com,2022-08-20,VIP
C0438,Krishna Johnson,krishna.johnson274@outlook.com,2021-09-22,PREMIUM
C0439,Kavya Shah,kavya.shah714@yahoo.com,2023-07-10,REGULAR
C0440,James Verma,james.verma96@outlook.com,2022-05-08,PREMIUM
C0441,Vivaan Sharma,vivaan.sharma720@yahoo.com,2023-08-06,PREMIUM
C0442,James Smith,james.smith580@gmail.com,2023-11-28,REGULAR
C0443,Ayaan Mehta,ayaan.mehta923@rediffmail.com,2020-03-13,REGULAR
C0444,Oliver Joshi,oliver.joshi921@rediffmail.com,2020-02-21,REGULAR
C0445,Charlotte Smith,charlotte.smith17@yahoo.com,2023-03-14,VIP
C0446,Ava Williams,ava.williams952@gmail.com,2022-05-26,REGULAR
C0447,Kavya Williams,kavya.williams694@rediffmail.com,2023-03-19,VIP
C0448,Arjun Patel,arjun.patel513@hotmail.com,2021-11-09,REGULAR
C0449,Ava Patel,ava.patel349@rediffmail.com,2022-07-14,PREMIUM
C0450,Emma Smith,emma.smith31@hotmail.com,2021-11-30,PREMIUM
C0451,Ayaan Johnson,ayaan.johnson567@outlook.com,2022-11-21,VIP
C0452,Oliver Williams,oliver.williams88@rediffmail.com,2021-01-17,VIP
C0453,Aditya Patel,aditya.patel275@yahoo.com,2023-05-02,VIP
C0454,Arjun Williams,arjun.williams325@hotmail.com,2020-01-09,PREMIUM
C0455,Riya Johnson,riya.johnson780@hotmail.com,2020-05-15,REGULAR
C0456,Diya Jones,diya.jones571@rediffmail.com,2020-06-09,REGULAR
C0457,Aditya Johnson,aditya.johnson568@gmail.com,2023-05-03,PREMIUM
C0458,Isabella Williams,isabella.williams13@hotmail.com,2023-04-25,REGULAR
C0459,Noah Davis,noah.davis927@yahoo.com,2020-09-20,VIP
C0460,Isha Kumar,isha.kumar143@hotmail.com,2022-02-05,REGULAR
C0461,Aditya Kumar,aditya.kumar446@hotmail.com,2022-01-22,REGULAR
C0462,Ananya Joshi,ananya.joshi967@yahoo.com,2022-02-09,VIP
C0463,Megha Mehta,megha.mehta469@gmail.com,2020-01-11,PREMIUM
C0464,Priya Taylor,priya.taylor390@hotmail.com,2021-10-30,VIP
C0465,Megha Singh,megha.singh308@hotmail.com,2022-12-16,REGULAR
C0466,Neha Smith,neha.smith182@outlook.com,2021-03-28,VIP
C0467,Harry Garcia,harry.garcia991@rediffmail.com,2021-05-21,PREMIUM
C0468,Krishna Williams,krishna.williams374@gmail.com,2020-11-06,VIP
C0469,Shruti Kumar,shruti.kumar699@rediffmail.com,2023-02-03,PREMIUM
C0470,Harry Mehta,harry.mehta449@hotmail.com,2020-04-17,PREMIUM
C0471,Oliver Garcia,oliver.garcia143@hotmail.com,2022-10-20,REGULAR
C0472,Harry Brown,harry.brown809@outlook.com,2022-07-17,PREMIUM
C0473,Kavya Williams,kavya.williams548@rediffmail.com,2023-09-12,VIP
C0474,Diya Davis,diya.davis38@hotmail.com,2023-06-15,VIP
C0475,Megha Patel,megha.patel112@yahoo.com,2021-07-05,REGULAR
C0476,James Taylor,james.taylor46@rediffmail.com,2022-11-18,VIP
C0477,Isha Smith,isha.smith989@outlook.com,2020-06-02,PREMIUM
C0478,Ayaan Miller,ayaan.miller765@rediffmail.com,2022-12-04,VIP
C0479,Ayaan Jones,ayaan.jones384@outlook.com,2022-11-21,VIP
C0480,Harry Miller,harry.miller155@hotmail.com,2022-01-19,REGULAR
C0481,Ishaan Brown,ishaan.brown943@gmail.com,2023-02-08,REGULAR
C0482,Ananya Nair,ananya.nair352@outlook.com,2022-03-20,PREMIUM
C0483,Ananya Garcia,ananya.garcia100@outlook.com,2021-12-03,PREMIUM
C0484,Aditya Nair,aditya.nair46@gmail.com,2021-06-16,VIP
C0485,Vihaan Kumar,vihaan.kumar953@yahoo.com,2022-05-07,REGULAR
C0486,Priya Davis,priya.davis437@outlook.com,2021-09-21,VIP
C0487,Sai Kumar,sai.kumar656@outlook.com,2023-02-19,VIP
C0488,Sofia Mehta,sofia.mehta461@rediffmail.com,2020-01-07,VIP
C0489,Reyansh Mehta,reyansh.mehta286@gmail.com,2023-05-26,VIP
C0490,Sai Johnson,sai.johnson334@yahoo.com,2021-02-11,VIP
C0491,Isabella Garcia,isabella.garcia541@hotmail.com,2022-08-07,PREMIUM
C0492,Kavya Gupta,kavya.gupta357@hotmail.com,2022-08-17,REGULAR
C0493,Ava Nair,ava.nair941@rediffmail.com,2022-11-10,REGULAR
C0494,Priya Gupta,priya.gupta245@hotmail.com,2021-08-02,VIP
C0495,Arjun Miller,arjun.miller398@outlook.com,2022-06-11,PREMIUM
C0496,Diya Kumar,diya.kumar499@rediffmail.com,2022-09-29,REGULAR
C0497,Shruti Kumar,shruti.kumar502@hotmail.com,2021-05-03,PREMIUM
C0498,Megha Verma,megha.verma887@hotmail.com,2022-01-22,REGULAR
C0499,Reyansh Williams,reyansh.williams987@rediffmail.com,2022-02-07,PREMIUM
C0500,Oliver Garcia,oliver.garcia426@outlook.com,2020-05-08,VIP
